0b60f2f348adc2f668a9a090165e24f3d3a7cf5a,George Lucas
0b60f2f38d7ef03db580c18d214a403eb0877b34,Leigh Brackett
0b60f2f35988f621775659dbb7ad784c3795d71b,Lawrence Kasdan
0b60f2f32d22f1f7187aa507e6d087ee4c91b6b9,J.J. Abrams
0b60f2f3246d44d437dc29c4d0f99414ceda6396,Michael Arndt
0b60f2f39fe27a1a1aea6de3fb79a22eefa2bf20,Jonathan Hales
0b60f2f3aa68a9c54c9df5376df66eb1a4f3fe7f,Roberto Orci
0b60f2f35a158dc6d9c6a2024da15ab6ec6f56dc,Alex Kurtzman
0b60f2f38bf80dbebe43a1854547b0af6a19fb11,Gene Roddenberry
0b60f2f32904830ed7b5cda8e9f6fdfaf363814a,Rian Johnson
0b60f2f3f2864ef77d8513d16a611a3ded6303e6,Chris Weitz
0b60f2f3f787ca6915679af7e6c12adac4b66b48,Tony Gilroy
0b60f2f3269b69a169ddf2fe8be18299e368b0e9,John Knoll
0b60f2f3b437f8b86af8e652e3b5e9ffe4e9a090,Gary Whitta
0b60f2f3e0016796e67b32cc16723d585165caf6,Damon Lindelof
0b60f2f37dd9a9c9bc44e88259e254a4626904c1,Chris Terrio
0b60f2f3698666f0b98af51d64c7f036ba6212cc,Derek Connolly
0b60f2f336bda8ba5c3724ea229d5c0ac3db51d6,Colin Trevorrow
0b60f2f38729aa9efb4e5fd5d98df296ce92bdf2,Eric Roth
0b60f2f3a81c071cd02f48cce98b65e6f0c4e6f1,Bradley Cooper
0b60f2f3407cfca3b24ea81d559e575346e384da,Will Fetters
0b60f2f3fe6e7994882bb6ebe71e30ca6b1a99c9,Moss Hart
0b60f2f3bf87762af9fbe8965d04e6062fb9ffbe,John Gregory Dunne
0b60f2f371c57a27eaa1c5d7d2229c97bb329a16,Joan Didion
0b60f2f343816286e53f7a7025bba6c4ea69a9c5,Frank Pierson
0b60f2f355f09e9398fdea3557efe91176af5816,William A. Wellman
0b60f2f3aee2e6db966a4a639f090387d7306e13,Robert Carson
0b60f2f322b0f605b475f2b5d49b1107259823a7,Jonathan Kasdan
0b60f2f3f83143bd8775ef028a004fbc94bfa8d2,Simon Pegg
0b60f2f3c906e92a399c372f3ea82f7bdda9ec70,Doug Jung
0b60f2f359228645d7c8b9c1d135fa63e1be3e91,Rick Berman
0b60f2f36225f51bfb83f4cc8558c0383c4ab015,Brannon Braga
0b60f2f346b47c58b507f78e4599e88dfb02a952,Ronald D. Moore
0b60f2f39e4d7afff686defce6e7bed210da4d25,Harve Bennett
0b60f2f3d8e9584ca0601f4506fe37ca3a9b62bb,Jack B. Sowards
0b60f2f3d303b7eac76f46bb326068845b117829,Bryan Fuller
0b60f2f32bda9c9d5a287b8a9f1cc27b03b3657b,Harold Livingston
0b60f2f31eb231cb76af73512ca66c35446118f0,Alan Dean Foster
0b60f2f369d1ddbe61384187bc0b15383debc5e4,Leonard Nimoy
0b60f2f33b824c0a939379fa1a15bd6b96b6178a,Steve Meerson
0b60f2f3b6a7d26f570c176622d194a876ee0a46,Peter Krikes
0b60f2f331163952425b22201eaa3a533cc62090,Nicholas Meyer
0b60f2f3e00a7e44e07bb34c063286c7eb9315a6,John Logan
0b60f2f3bd3071801c067f41bc4bfec8c5403f8e,Brent Spiner
0b60f2f3457eb5061f8f7cab919ab67235c5d4cd,Michael Piller
0b60f2f38fae6648f0bcaf5057a69b9ffaf97b23,Lawrence Konner
0b60f2f3bf2af966d1f3f9cdc7a02eecdb43a0e1,Mark Rosenthal
0b60f2f32081b2e78e2ed98fded35c76d469b165,Denny Martin Flinn
0b60f2f3ea3fd0aa6d8db1645a71aff3d937cf3d,Jeri Taylor
0b60f2f31d2ed5486a46a9e402db6834facf1bb2,William Shatner
0b60f2f3accf917c294d65df1c30e69a878ace50,David Loughery
0b60f2f347164adcba8c19f4da4b8f2814ea0c0d,Henry Gilroy
0b60f2f3aa0bd04962fca3c65c5859839ab49eda,Steven Melching
0b60f2f3f338c0e36939ec3614568c94bfdb3992,Scott Murphy
0b60f2f305e3e0635dbdec84edf844c41f472f0a,John Stockwell
0b60f2f3c612dfd8e888a0696f347b7a28ec5306,Kirsten Beyer
0b60f2f37e9e97c2b83dacb57ee6e1d15d2232cd,Michael Chabon
0b60f2f3efa3dea62a996ee98540e5db00a3b5d2,Akiva Goldsman
0b60f2f31c83aca8549d842a75b8ec84591afb17,John Sayles
0b60f2f37430702949d9ec90dfbfd3498e87de3d,Simon Kinberg
0b60f2f35f2ec215e4adb26fba2d933c40e44f50,Carrie Beck
0b60f2f38dcbf64a10d50730022b1e3f99210b2e,Dave Filoni
0b60f2f30ed82c6016197afea8eed4903dd5dbc9,Jane Campion
0b60f2f3e33922b1e5b29bb7442b120c9b758415,Andrew Motion
0b60f2f350405ece5ad187c866c105d7524104ba,N/A
0b60f2f3e6e0d2cb6f55dc093eacd2dc8f2fe575,John Carpenter
0b60f2f38838c37f4ac3f7f9c900a78309e46052,Dan O'Bannon
0b60f2f366325b7410530c6cd4534a284232ec62,Meredith Averill
0b60f2f389ef700882874a37e0fd075f51feeda3,Dorothy Parker
0b60f2f3f4e6a716cd65b591f93c4dfce109c42b,Alan Campbell
0b60f2f36d166efa8f19deca40c804adcc6bda2b,Fred Wolf
0b60f2f3b1ae873db030c51c3f8ff0ffb09bf7fb,David Spade
0b60f2f3c5910716ab0cb3bc97b37c0b1f43d7fe,Jerry Siegel
0b60f2f3f8b91abc3859589a9ed16d125ebca0a1,Joe Shuster
0b60f2f36bc0280e52e27c3e0932c4613485c5f5,Grant Morrison
0b60f2f3b3ca6ff480057d4809379bddcde7579a,Frank Quitely
0b60f2f32adc059321640eff53cb52b0f00184aa,Dwayne McDuffie
0b60f2f3709af63a61541bffcf52a77c0ec65ab3,Rod Warren
0b60f2f3b93f8a85d3690864351a0af5b3019ea6,Bruce Vilanch
0b60f2f34887a3b3467573a8c76a7d73ad7ffd5a,Pat Proft
0b60f2f33c11b40cef9dbf9db0e066aa5c382ec7,Leonard Ripps
0b60f2f352d143eb81a65814104e97a743f03089,Mitzie Welch
0b60f2f31921a92aaba20db744218e1f6da1b051,Adam Sandler
0b60f2f3d3b7e6f5491d2e01eb31cc253e115750,Allen Covert
0b60f2f32630fdaeabafd05cd24788a6608348e8,Nick Swardson
0b60f2f3b53e4853b1adad6c3fc09c520a72d704,Daron Nefcy
0b60f2f3521195e4fdc1173fa9e884406ea7ab7d,David Wasson
0b60f2f3214e130df48caf7065aed3f3c2abc809,Jordana Arkin
0b60f2f30a3e7c8fca940780b31e09c08b513bef,Makoto Shinkai
0b60f2f3596f099a3c230af0af185fe640c9068d,Douglas Goldstein
0b60f2f34b080d9a3ed2856b24eca74afdadedb4,Tom Root
0b60f2f3bdcd1b6d4c475be3159d2ebb81916962,Seth Green
0b60f2f3010dc1f17f3b8a539462b26b930c93a3,Jordan Allen-Dutton
0b60f2f3f3057866b931a1f319479307e6478acb,Mike Fasolo
0b60f2f32a291ec645c8cfce732ab2d422854212,Charles Horn
0b60f2f3cd08c0373a752d9c927becf2a8041ef6,Breckin Meyer
0b60f2f31da4003d4f1819f8aa0bc42da7c19f7c,Matthew Senreich
0b60f2f3062cbc9cf1199b034b6aeb8407c31ca4,Hugh Sterbakov
0b60f2f3b447149b28ca9f743a0fabe814424b01,Erik Weiner
0b60f2f32bcae08a9418c8bf1da82bfd6b5772df,Guy Ritchie
0b60f2f3330957a161422f589d73e01db5872464,Joe Sweet
0b60f2f3a5706728dae4312f4e69f7d5e1e74cca,Jessica Barondes
0b60f2f352156a1123613757ab2093afb0133b67,Vaughan Sivell
0b60f2f3a2cc40cb092d51e3fc5fa308b931f031,Roderick Taylor
0b60f2f3d1d2d208976d7fc45799422e2dadeb8e,Peter Hyams
0b60f2f36ea479ef22cb1f24c97f5343b8b47ef4,Carlos Kotkin
0b60f2f322c996bbf66ff416fe3f0daa82b8a384,Simon Moore
0b60f2f34a64dddbec8c01e384df728aa0035f43,Buronson
0b60f2f384df6900d578af85d1d049da83540a6e,Tetsuo Hara
0b60f2f394cd470d9d921993ea9f63276bc61f6a,Susumu Takaku
0b60f2f3612acb33753ed19553bbcaaa40b84101,Rudi Airisto
0b60f2f37564c8e6badd9ae007d8e6135fb53009,Samuli Torssonen
0b60f2f3a28ec0248262ec5dc45a5c9739642097,Jarmo Puskala
0b60f2f33f5ffe00a01c1dd04d83fde6e38dc83f,Teresa Carpenter
0b60f2f3db42fb3676f36995c2bb922a69e88ed5,Bob Fosse
0b60f2f3ee3a108dcd4de5aa0245a9b96755897f,David Gaider
0b60f2f3bad5776e7da7c744740844ac2a8d3b99,Michael Gallo
0b60f2f3c2ae782c19e70cac818424e5394fb4b4,Drew Karpyshyn
0b60f2f312eb05cf2df285152f7185dda2095062,Lukas Kristjanson
0b60f2f338c0a161fd6e6af2eb6c5a74caf84e88,James Ohlen
0b60f2f3aea187d8e2111380e9e13df070efa7b7,Brett Rector
0b60f2f34c1de2a37ad22d1a8b8118c29bbb2ea6,Lynn Taylor
0b60f2f3a5d4d974d53a7945eeb6ff166264a2cc,Peter Thomas
0b60f2f3f24f22d90c59791ab4d3ff867f99a5e8,Giuseppe Tornatore
0b60f2f3bed5c5cb716632fac0c03eb4d5285362,Fabio Rinaudo
0b60f2f327d8b9a04fee818315932fe6b393e30c,Tracy Oliver
0b60f2f385f6cd4159fb18c2c69a77c1fd7a2f2c,Nicola Yoon
0b60f2f38eb51e947dde96f8660965f30cd08b4d,Joel Kane
0b60f2f30ac99b858e06cbe3bbc1227e20a933c8,Dudley Nichols
0b60f2f3bacc446bfae71ba001ee0de69be04a97,Barney Slater
0b60f2f3ffd1f48c1bd43ff88ea019233eeb4b40,Hugh Davidson
0b60f2f3e5922ee9c3bd7ad88707f078ba12adaf,Dan Milano
0b60f2f313fb8513b46128fdf51e32aeb95772a2,Kevin Shinick
0b60f2f36cd412319ceed562a5e50b2ae4bc0d04,Zeb Wells
0b60f2f364c034fe3d768b9ffe74760d58a36c25,Haden Blackman
0b60f2f3f0baf0b72051eb05b776909d2cbfa955,Shawn Pitman
0b60f2f33c4fcd6b1680d3e2094898dd8ef55f65,John Stafford
0b60f2f3b80e8f78a5c6b491d4513247f705bb6d,Cameron Suey
0b60f2f3ea8f7d33c077cf129b60758f594de20f,Hiromu Arakawa
0b60f2f393d97695fd86f34657b6b0099e2c4df7,Yûichi Shinbo
0b60f2f3365ab3131280fae6e1ca4be98fc575fe,John Burgmeier
0b60f2f354dd2dbd1bfe8b89d6e08fa3a3ddb3e2,Bonny Clinkenbeard
0b60f2f39f0769e4a0ce1c5fc82eb8517d835c83,Matthew Keast
0b60f2f37cb125f4718ddde576455ca24d796677,Matthew Ireland Beans
0b60f2f3502f9e03338405ad096dfbf4f8d2691f,Geoff Johns
0b60f2f3fda04bc601e9fee299223e0314d5a555,Brad Falchuk
0b60f2f3c4ab28e79158d46ab0fb61d39c64b2b2,Tim Minear
0b60f2f349f92a2eb0371953f40e47eea9fa4c15,Ryan Murphy
0b60f2f3df7805f0f18cedea77eb00433812ba0e,Larry McMurtry
0b60f2f30321918ef7bc7025b916de323a50f3b2,Robert Harling
0b60f2f31f67a73377ef1bd3ddc687469129c7e4,Mark McCorkle
0b60f2f30a0c71f8e0862b7673003667b27cb3b2,Robert Schooley
0b60f2f3d9ab204720a5d25013cfb8c48dcfa9bb,Bill Motz
0b60f2f34da64f6d819333436a3a54b4333eae55,Bob Roth
0b60f2f3d3b5c4f2cf86d5b0c17acbcbac67a39e,Ed Singer
0b60f2f3b297dddde61c3b655e355c808dfa104d,Lee Daniels
0b60f2f35da07c2daa0046a1fa90daffc0776ee2,Tom Donaghy
0b60f2f37ecd9d44306e6b1a3d72803b5cbccd02,Aaron Contreras
0b60f2f3be8a626ac83ca4c24fe9758e9f0418a5,Manny Hagopian
0b60f2f3bf185a400020dfcc03742d697fcad100,Matt Michnovetz
0b60f2f39d53855f252f370dd2c40e73fcf4308a,Megan Fausti
0b60f2f3a9674682c3a3fd505fabfede8e002470,Clayton Hogston
0b60f2f3e2649749ab9a64b4eb1a5bb93ffa0676,Cheyenne Paulani Morrin
0b60f2f3b2bf16ddffb3beb2682ad6c75a39e2bc,Todd Piperi
0b60f2f3965cabfd232b64f427bd26b0676a4b03,Stig Asmussen
0b60f2f3d8b8b057d731f6ef1a3b422f8c15b17a,Adnan Chatriwala
0b60f2f3fefb8a057407b776c0d940c3b4bca52f,Jessica Hara Campbell
0b60f2f3cf1dc49df18de1b8c14bc3f8cfd2bafc,Sabine Rosgren
0b60f2f347722e9c228260a11c52c0e4d72a6dcb,Chris Avellone
0b60f2f32a1e9ead3d377e45a365fe3f1a1b6907,Kiri Hart
0b60f2f31e03639200daf8a22175ec41bc6f35d1,Ethan H. Calk
0b60f2f3d1d10903fa3d1ca309c82041b486dbc5,Sky Douglas Conway
0b60f2f3611b46d139f5cf39d9740a2e65e62645,Jack Treviño
0b60f2f361d77e8a3d0ecb31334092e7bc1790ac,Ferret Baudoin
0b60f2f3c8dcf359c619561d34414c9737af973f,Hajime Yatate
0b60f2f3f2e58d1bcb3946c07ae7f76c9d28888c,Dale Eunson
0b60f2f3a696ff2c5317d549bd7e645bdbfee883,Katherine Albert
0b60f2f34fbc8ed8a4333aa98eee3ad600eb4fad,Adam Rifkin
0b60f2f3dbd8b97c015da9b70b00d21a8cb9e841,Peter Atkins
0b60f2f3b12f468403162e92adde2147bccc2587,Tony Randel
0b60f2f37658be4e4b3067c95632e5b063843805,Clair Huffaker
0b60f2f3cca6f0be24267d60468036cba1d82459,Nunnally Johnson
0b60f2f3a11522d7fcd70da71688d5433f486c68,Borden Chase
0b60f2f34ed91464a4323412a93472854de041a9,D.D. Beauchamp
0b60f2f3363ee423baed87d8bb9b91501e18e93e,Dee Linford
0b60f2f3b56d2358d7a29f60445a60d5819badf7,Trevor Munson
0b60f2f398e48bd44c7ee82903bd92575e65ed8b,Manny Coto
0b60f2f3a862dfc02d54e6774b1b766c399643f0,Scott J. Gill
0b60f2f31195b5dbaeb1ee1ab0175c3a2009a78b,Ivan Cotroneo
0b60f2f33dc3928c76f0dc0815a82f0e99f7ecd2,Francesca Marciano
0b60f2f3fe80644fb1499c02cd7b71f1d990bb1e,Maria Sole Tognazzi
0b60f2f3bb0f71e7a0912f2739358d8ca06fca80,James Hurst
0b60f2f3179954ee07b8bb71f13c14173d29bfe4,Miklos Perlus
0b60f2f3b3c76eff33d36916dbe2fd0d11673e1f,Linda Schuyler
0b60f2f3258c4b602b1bbb2250e2e8db5318a608,Jennifer Whalen
0b60f2f337f9fb338d6fbfadbe336dbc529dbcb8,Aleksandr Borodyanskiy
0b60f2f308ac81135e2c90448559dd127baf3d77,Evgeniy Grigorev
0b60f2f3526b80e21e82af9827f073a8a7d24b3a,Emmanuil Kazakevich
0b60f2f3e2ed318a754cd961787b9e360a73db7c,Nikolay Lebedev
0b60f2f3cb336f8a173255c9a5b5e0b70b421f35,Samiran Dutta
0b60f2f3260edecbbd8501d56f6321f06d9abe12,Ritwik Ghatak
0b60f2f31915c58405c0080a46c034985e947962,Shaktipada Rajguru
0b60f2f38cd563c2137405cfd00e56d812639b37,Rabindranath Tagore
0b60f2f3f93e29b87dac1a65adc5bbbdbbfeea1b,Adrian Vershinin
0b60f2f3b337ace9cba7f736cae668ba2219dee1,Kirk E. Paul
0b60f2f3306cf3ae4c60c68316bd7377e24387fb,Darragh O'Farrell
0b60f2f3d8a080f028a7de137da70c0d792ac624,Eric Biessman
0b60f2f32cceb4aae1a4f8640362e267e78506ba,Michael Stemmle
0b60f2f3b9fff81ebb86c8324336ec4920596c3d,William Fairchild
0b60f2f3bb4950e445c55f172152d050cf19a5d6,Randy Begel
0b60f2f367437bebc1a88154153bfd8c78bdb8f4,Charles Boyd
0b60f2f3be5403633d6236b61ddfb5946d98383c,Jennifer Brandes Hepler
0b60f2f3ce5a1d4b968f173fae27bf2709a1ef7c,Rob Chestney
0b60f2f333413865934ad2638acb98291b93b008,Armand Constantine
0b60f2f3a2c1ca51036daa8b5f048aa1e0dcca00,Daniel Erickson
0b60f2f302f827b13c299dea2af622af3d7b797f,Alex Freed
0b60f2f37e6c6c7f28c67074192ec3b393897147,Travis Greene
0b60f2f30d992154c135aa3e65bae354c7f7b07e,Rebecca Harwick
0b60f2f31a45042412453226a9922eafb8aa991b,Chris Hepler
0b60f2f33507eded352c8e0d3ffcd6552df37105,Tyler Hitchings
0b60f2f3b75b54f7c435f1f21e184d6e5d662d54,Hall Hood
0b60f2f37ed0768ee50c04d7d476ea59ffa83c4d,James B. Jones
0b60f2f39ec44b54b03e2bb7d023ae2e7822d1ad,Web Content)
0b60f2f38ca0b36421cc75f419e9eb47dd2abdc2,Mary Kirby
0b60f2f335146ceade4c846344b7b11540323de1,Neil Pollner
0b60f2f331543f0dfe70e515e61a5e5a4a530455,Cathleen Rootsaert
0b60f2f3c8ec440de4f328756f69fc57e8622ff3,Ian Ryan
0b60f2f3f5260c02bf7ac8b208f19bb5777906fc,Jessica Sliwinski
0b60f2f31505e76036df551da0dbdda8c9f6da9d,Aaron de Orive
0b60f2f3a6a2101912eb5243e4e2a20c7c7ceb2c,Heather Mitchell
0b60f2f32f29cc2cf50497fe9b0aa2d9096320a3,Savin Yeatman-Eiffel
0b60f2f38b016881335829c35872fb8cb37ab176,Michael Price
0b60f2f3123eee8d09969e5e5fb595d2e0d63173,Ole Kirk Christiansen
0b60f2f39ece4c8f149f5216ff7a5f5b0da2ea5a,Godtfred Kirk Christiansen
0b60f2f3376f3ca7c972e9e059e49a1ee75683a9,Jens Nygaard Knudsen
0b60f2f3b289a04767b96e0f387352c4c60e3681,Rickie Castaneda
0b60f2f37360bef091cd461351a4bacc442518c1,Louis Weitzenkorn
0b60f2f39e183a594cfca045dd7494972562a73c,Byron Morgan
0b60f2f392facec725c88377a4ffc3ab4142f4fc,Robert Lord
0b60f2f3f320a160612601277d3929e9ae29a8d1,Michael Chang Gummelt
0b60f2f3d306bb350f3c1e731dce9e2d7fbfbeb8,Jon Zuk
0b60f2f331d6b701e2d8f3f89f72e5c11e1596ba,Kenn Hoekstra
0b60f2f3fe95cc3f091994ff922b7f27c946c798,Álvaro del Amo
0b60f2f3eecdf27e49655b78a6f2a13747bac9c4,Pedro Costa
0b60f2f38e9d44a01fcbaa35ee5d675ef95844a7,Ricardo Franco
0b60f2f337680a39eddc9be80fb26db3922ac8c5,Ángeles González Sinde
0b60f2f3287a2ab1d24e31d531567dda4e4a2fa0,Carlos Pérez Merinero
0b60f2f37f2eb78526e02381095a3ac1e9b45fe8,Stephanie Hayman
0b60f2f3494f9083038ff319ea605ae0e46c94a4,Sofia Coppola
0b60f2f3cb65f6e4cf976784d7c4c25fad2a6123,Jeremy Barlow
0b60f2f3734e77e41d6a172c856d484e2bd6fe39,Mario Galardo
0b60f2f34c14c1391e8071938858429a60fe69cd,Kamilla Krogsveen
0b60f2f3c5c254ffa93abe329b6015038e3cfad2,Tim Russ
0b60f2f350ab469dd21d3b363653b2a8392766eb,Dawn Cowings
0b60f2f3ec8861fd13bf923ac87a3685b5e539ef,Sarah Yaworsky
0b60f2f39259f78a508763ebb3ee7f7b7aff2033,Jon M. Gibson
0b60f2f321cc94aa18b4192fad049a8dc37486d3,Heck Allen
0b60f2f3ae49323156229266f6dd6a81fb368860,Gilles Béhat
0b60f2f33f30fe80e0ab8cfdf5af9756d91afb26,Philippe Schwartz
0b60f2f3d369a54081081aa458fdc148e6df085a,Sergio Donati
0b60f2f38bf0a61882124e43d0edf2a47ea26979,Lorenzo Donati
0b60f2f311463ad07e7089d9b3358c0e2fb2f64c,Paul Ohl
0b60f2f3e70ead589297f72f3d9fc5434376650a,John Hunter Booth
0b60f2f3efb2848c4b71807fb3efbf91c1e58c1a,H.H. Caldwell
0b60f2f3163f03bd7cd67209956d738fc53876b0,Katherine Hilliker
0b60f2f3a74cdce884d2629ff217127b98a59249,Sonya Levien
0b60f2f3b8749cc8135e5c39e6d710929d5a8ed9,Tristram Tupper
0b60f2f3822b43c9a281ce40f22bdc343b90a1d1,Lillian Hellman
0b60f2f3e597b07dfa967ca0374b5af1a6ed8721,Burt Beck
0b60f2f31aa77f33d6e80328232a742bb9282722,Michiko Jimenez
0b60f2f35be4a73be644d4b7ebd76456314c43d2,Shane Ryan
0b60f2f379b2dd9e286002dfbca3624c2e740ac6,Jean Chalopin
0b60f2f3888b9654c8d7382c047e1d1a8fbb6201,Howard R. Cohen
0b60f2f3aab3145969c2bb1c038733c3a8c19791,Belinda Sallin
0b60f2f3b4f349f9f13733a350792918191af800,Howard J. Green
0b60f2f33f057a91b72367a1635a999770837899,Anthony Veiller
0b60f2f3fa4f9e202dded474949938af3d22f2da,Edward Kaufman
0b60f2f3f7e103f552e4f612495884038efa0b97,Arthur Somers Roche
0b60f2f3ed46f343dcaf3db4b6f847820ba84a75,Rafael Jordan
0b60f2f3b6f97b1454692af0e0c632e88499a2c4,Maggie Kiley
0b60f2f34d1cc372bd9916d447928de87f3f8ca4,Matthew Mullen
0b60f2f3cf42c3299158b01c706baf8ac74153c5,Miguel Arteta
0b60f2f35a43fc66fb2e137e6980d3bee0a019dd,Matthew Greenfield
0b60f2f3aeb99ff336b0841f88094b7bfd770d58,Robert N. Bradbury
0b60f2f3e781b0eb64a0b76755ffd3231d105848,Amy Heidish
0b60f2f3bb713d9498074f25cc6f340d04b20bb6,Howard Estabrook
0b60f2f37f005b9f0b7a67c3c8bfe08365382769,Maire Campbell
0b60f2f3004c6baee5f75969784fc91693b6cad9,Richard Elson
0b60f2f3ddd1490cb0bb3232132378f0b6aad9ec,Ermanno Rea
0b60f2f33343423269501a02b887601be0b95c5a,Gianni Amelio
0b60f2f31df6d9557809734c5669b9b72ba52cad,Umberto Contarello
0b60f2f3182879248e79f78bcebb1cdcbfcb5cf2,Lance Lindsay
0b60f2f33b365aa22fab7fa1f93e5684e7cfc7be,Eric Woster
0b60f2f3792eaa5f38ec387e800068582d275778,Ryan Kaufman
0b60f2f3dba2eebe1977eecfeab02c6bdfa4d248,John A. Hancock
0b60f2f3fd188b05fc215d762084dc0699d9cea4,Justin Lambros
0b60f2f350ab11b2efa035e5d42ca0596b561b54,Kyle Killen
0b60f2f3023b4fc9a44763b886eb8b285ac3b1d0,Matti Kassila
0b60f2f369192c6098c73aa01bd7ad1ee54bc784,Edvin Laine
0b60f2f37368a93901185b926f24e8e27e55b839,Väinö Linna
0b60f2f329d5438c9ce0ff719571b6675b6ba757,Juha Nevalainen
0b60f2f3824d79dfff4f1e0657aeaf59c7cbe52e,Michael Sonye
0b60f2f3362aa597899c6e854e9ebac75e99b836,Miriam L. Preissel
0b60f2f38a894b53dc2e0172ba0b724c89608c83,Fred Olen Ray
0b60f2f3ba34bc150dda1528ed3e270225ce65cd,Justin Chin
0b60f2f396ca24b85df614e1c5c29ee0d93316f6,Steve Perry
0b60f2f3260b247af4e0d39a7442edffb315f1c2,John Wagner
0b60f2f33c495d0b0c57f82e82bbba0066fb618e,Suzana Amaral
0b60f2f35e30921ddc3c3c5fe6555850145eccbe,Clarice Lispector
0b60f2f347449f440478534933d009126b95eba9,Alfredo Oroz
0b60f2f3f12fa69b230f5ea160f034f403ac8248,Mitsuhiro Takano
0b60f2f3c3854428e414b11d5fcd78bc369f63b6,Robert Finch
0b60f2f39ba54f9a4f7948829a0a265e2cdb2ffa,Saul Elkins
0b60f2f36987ecc0ccd23c7c1a67a87b5fea63c3,Graham Goring
0b60f2f36e01edaef7e7a2eabcf63aa7605c6ac0,Sion Sono
0b60f2f3926fbff9091bd5eea76407537d85938c,Craig Hutchinson
0b60f2f3210c48f427777105ce915d39c1b6bc5b,Danny Buday
0b60f2f3672351a7f19d6be0c4761bcecf9d4ff0,Jake Blais
0b60f2f39275895e5fe231e12fcad39f15533083,Jason Cosler
0b60f2f3fe44df5f80f8b4ddca2169e6ea2382d0,Keith Malone
0b60f2f3f7e4a4f91f17088d4073d68c0cba94b4,John McCormack
0b60f2f344b67d53fd9c85a3e7c08cd9d5d34f5d,Leland Chee
0b60f2f35b864f37827d82d89a04ab3200f7a40e,Scott Bromley
0b60f2f358b65675fb1244711743e320b2f81386,Warren Foster
0b60f2f3fad72eda4ec34f06e71a84a6621b8d34,Anna Melikyan
0b60f2f3a2517de073d2b60c0df2c2f4f12f97c5,Andrey Migachev
0b60f2f37e332ab64449f14c9de7c40b5a4ddb00,Martin Fric
0b60f2f3fa678f9650d766a1c760b92233f489c9,Claire Labine
0b60f2f3abf44dc9a12fa32358b2ab7711f1d522,Danielle Steel
0b60f2f314967e34830892b65467991c31e04f5e,Flemming Quist Møller
0b60f2f3c1fc889c284286c89ab28315633f524b,Hugh Berry
0b60f2f396aea9e07c2248afe2ba4d29aa6938ee,Richard Cranor
0b60f2f349da6ca017b6814daf0abe1d58e0fbe7,Mollie Boero
0b60f2f3622139dcca67cd6223a9dade2de637a0,Victor Cross
0b60f2f3c39d2e5594c3431987737247bf983a97,Chip Hinnenberg
0b60f2f3aca7edb672af31fab38aa1969d7319b1,Kevin Schmitt
0b60f2f37cbf7e7a66464e5c7288cda78b038e1f,Kevin Burns
0b60f2f3af8a52e513fb4f25bb6910f0be05ba1b,David Comtois
0b60f2f3f10aeb7bbb73ccecdb6212787e5264f4,Steven C. Smith
0b60f2f34bc093163940f6e139014efead055338,Jirí Brdecka
0b60f2f39f5375a2e7a92bfbc5e478e81e7ddea6,Karel Jaromír Erben
0b60f2f30998da1297fc6031bfcfb3779dc6bd9a,Kamaleswar Mukherjee
0b60f2f3c4deac8e4c9cd11fc4edbed62298efbe,Fernando Colomo
0b60f2f30087453fbe6478b5ca4a4324ccf6f5de,Andreu Martín
0b60f2f36df8a7e9cc440362d71e0fa6ab1f40bf,Miguel Ángel Nieto
0b60f2f389b3f29157b49ec1bb9c819899444ec3,David Leitch
0b60f2f30be61e9d46de8882a61255164a3270a5,Kai Lanette
0b60f2f392c41126cd32d589a8dfb1c693e24e89,Richard Schickel
0b60f2f3928915b9aff2e8f95b59097c69624845,Cindy Tang
0b60f2f399c51c09fce00ee25f35bfbf2af1c4f3,James Yuen
0b60f2f3ae82b7c871f0268e19ce2089bff3a7dc,Koon-Nam Lui
0b60f2f3cc863b698db46d9ea5eeb77934359b47,Nathan Cross
0b60f2f353a64ada1eeed6a8966d345ccb4b702c,Kelly Dolen
0b60f2f334446ad03544ecbc63b5fa58a1755b46,Nobuhiko Horie
0b60f2f3affffa6617be5b8a9cc33beedbfcba99,Yoshinobu Kamo
0b60f2f3bd205d0e0a2b3eda2e76b4bbcf6116ec,Katsuhiko Manabe
0b60f2f32190472e3995296bb98a553fa557bcd3,Klaus Baumgart
0b60f2f37155d8cac12a870fcb4b960ff5b785e9,Piet De Rycker
0b60f2f327231225e470f886f8068545fc12987f,Rolf Giesen
0b60f2f325c26376b7a71263c7e684656b12af57,Alexander Lindner
0b60f2f3177ea29e939119c8098cd97ebd99735f,Michael Mädel
0b60f2f3d624e6ca5029beb0afe7d5a3287796c0,Thilo Rothkirch
0b60f2f3bcb6c3847a0a2eadb7090602477d911d,Bert Schrickel
0b60f2f3aacbd95a54d8e0584ff72e9d6a11a231,Stan Brakhage
0b60f2f3c414fc2a585c4b73acbfc67c6c4ad2a2,Jonathan Haze
0b60f2f34e85c7082a2c30799cb13bb58960e583,Tommy Kraft
0b60f2f34d42f1855acb4a86f431cec0fa0d7765,Brian Stillman
0b60f2f3d816ed339263436d2bf5c4e98c542453,Mark Cartwright
0b60f2f382f8df0f103fd5535127698d842ffae8,Brett Tosti
0b60f2f38801c57545bb97ba1f949f520832026f,Keith Miller
0b60f2f3c079920366c0948aefcbdefe9a6f2c67,Kacey Arnold
0b60f2f36455a0d6b21ac21d03b31286dc72e145,Kate Boutilier
0b60f2f37ec94881e16637e43430a218bea8e7a1,Rumi Jaffery
0b60f2f3f01773d7c34a2da94da3220d0946f807,Sai Kabir
0b60f2f31183e37f8aefa8518665cb701c5d130f,Ted Chalmers
0b60f2f3e9c14cbbfb3cce265b1a92992bb1bdea,Carlos Perez
0b60f2f3e67ecca5916db7a62df045af690d5b86,Mark Steven Grove
0b60f2f305f16b832d03f13a6d2aaa7d3309552c,Michael Banno
0b60f2f359a0ac59439053ba160ebe475750b191,Jeffrey Long
0b60f2f31b2761ad42387bd0dd406654666e6c2f,Matthew Davis
0b60f2f36b864321684cf7bd560c3001bd321205,Steven Parker
0b60f2f355faa31ec0fe32f8acc21e4d7565416d,Rasmus Tirzitis
0b60f2f379a5a1950073a26f4976ca9d44dd60ae,Timo Koivusalo
0b60f2f3595e9dd5a32f2fd455a8e247501d7b70,Jack Davies
0b60f2f3e3d0dfdb060d43e11264aba0600e5277,Henry Blyth
0b60f2f347995e01fd6e662875e508b120643994,Norman Wisdom
0b60f2f3620e9b57746e5c330a6fbcfe70c7e4ab,Lucien Hubbard
0b60f2f320038a5de037118f1c73a4acdda16e00,Keiichi Abe
0b60f2f3b6acf6d069fda91b33a817873150c925,Bunzô Wakatsuki
0b60f2f3339429f6f50bbdb1a7faf1679551aba7,Oscar Brodney
0b60f2f3162cf2fea4521fc1af891a0db26b1926,Lee Leighton
0b60f2f358b36152a622ff52ae93ec03c99740de,Alfonso Brescia
0b60f2f3411bb6f19d783e8d0274a49b288f3503,Massimo Lo Jacono
0b60f2f3b510cd975aa0f1a1aa4fe9c3d84a4685,Giacomo Mazzocchi
0b60f2f38f6bc673020b3e70d3b8a9e62113e64d,Evan Mather
0b60f2f396086239674d3524a42457da84d6e45b,David Pursall
0b60f2f3f4b3d7e0f94e3adf4edc1a0ccb29f317,Jack Seddon
0b60f2f3ef5a575316099935c7f9382ebaad9b7b,Gordan Mihic
0b60f2f34620ed0463afac6e38a9d3753d3948e3,Grant S. Johnson
0b60f2f390b0d079fc269ffc5060f94c860d4262,Neil Jackson
0b60f2f3438f5dd623084005cffb4fab8413a16e,Tiago Santos
0b60f2f366b68d29030e77e77b73a196c3123628,Tom Fitzgerald
0b60f2f306b7e0b22e1c6a90bb3b47946886d373,Steve Spiegel
0b60f2f3d5ff0e15b20cb02a0be042f0975ac25f,David Brant
0b60f2f38385ed175a1502ed5be1569562853cbc,Kenneth Biller
0b60f2f330d9328b9ecafc68664165941ce6f813,René Echevarria
0b60f2f31e7ff49263fcb20246dd21530e54b45e,Gary Goddard
0b60f2f346fd4021e96e66b60a928ecac9426d28,Harry Tugend
0b60f2f3827ef099fd9e69b2a1b609f336d1d41a,George S. Kaufman
0b60f2f30509820af1b84d5e3580c89c2c3698d9,Arthur A. Ross
0b60f2f3733963e57f40f0bbc0c23b8d417ae4f2,Melvin Frank
0b60f2f36130d5816064a82d331d613ff16775d1,Norman Panama
0b60f2f3e1bbece05b6cb356c2072d02f3523017,Amy Snow
0b60f2f31a626277e1fac39b53b953ebe341bc40,Chris Chow
0b60f2f329aa07bde8de958cadfc1006b90038a2,Hai Huang
0b60f2f32d6d62d636cac6bafb3dc33c8acc4113,Yao Meng
0b60f2f33391f8fc0bd7ac48d40c2f856fc1ea85,Dennie Gordon
0b60f2f398ea02b7b0223f3b2a16e6409493387c,Ming Beaver Kwei
0b60f2f38f14f992a720d0d547d8ae20d5e22b85,Wen-Chia Chang
0b60f2f380a3cd1023a1bc52e9fd9ecc8d7e126e,Sam Mintz
0b60f2f355c4db1ef96f3034943e5174ff67f8bf,Walter DeLeon
0b60f2f38d318dc115a346d1b757e24c77409376,Arthur Kober
0b60f2f33402c522a18583a938eaa61d7f90c97b,Harry Leon Wilson
0b60f2f394d7a555355d4051f36481e8d4191431,Marc Connelly
0b60f2f319cb8c2b336fb1891e5cb812bf1f72cb,Jamie Richardson
0b60f2f369dff44ae57277e285ff73e355ccd248,Matthew Archambault
0b60f2f383e3e3ab72b86be7cc18206259084a40,Julien Beasely
0b60f2f311ff29e8beda383a4fde9502c2f4c1c2,Michael Bilodeau
0b60f2f3506c7f818b5d1b4075e87177035e7e3c,Kyle Brink
0b60f2f38c5f7abc002fb0b9ec8222e36e872905,Bing Crowell
0b60f2f356090eeaf0fda0377a6fc4a6639e6998,Simon Ffinch
0b60f2f3dec7495f3c3dbff4bb79b8f2e4f96624,Erin Fritz
0b60f2f3ae5ecd9f27aad3061c0529b065357314,Sam Kolb
0b60f2f349ce9eb1c06d56b3210df238263a5590,Aaron Malchow
0b60f2f33ac02eeab633006e3bdf65991150e72a,Scott Petersen
0b60f2f3e469440cfb0c0950660d00ab22386e59,Naren Shankar
0b60f2f3b057087f51d43fe55e80546907274cf4,Steve Tsai
0b60f2f3735c663ce56ab661f965796264631324,Dan Young
0b60f2f39ee864679cb48d7dca42a1e0248dd5d6,Daniel Young
0b60f2f38fc986d48f5ff0403a1bda528ea6e6b5,Yuli Dunsky
0b60f2f3fddc8501b2249e171b475fa9826779bd,Valeri Frid
0b60f2f38bcd7810bb8cdc70b14ba27c318e4177,Aleksandr Mitta
0b60f2f331d1714993bf8877be910cb7fd5d9035,Ole Holm Christensen
0b60f2f30670ab869561107ca47580c40828a0e2,Daniel Lipkowitz
0b60f2f3ec5c5a5f6109b0dbd0515cd614a82354,Peder Pedersen
0b60f2f3263690c1b0cdaef36aab42e246e9cbf7,Michael Pratt
0b60f2f39c6192ed0ac15326b0a79e0ad60fd554,Lucio Pellegrini
0b60f2f3698e2281a6840d6755595572e44d2c05,Massimo Gaudioso
0b60f2f3066c46b15784c46b28cf4be5381c27ce,Nick Hornby
0b60f2f3ac932ff296b52ce368a21b5fdebc1f4d,Mika Yamamori
0b60f2f34b5723683e15b9773399d66fd39d5589,Naoko Adachi
0b60f2f3eb770cfc69be272186fbdb25208c1bc9,Kirsten Hansen
0b60f2f3dd29ce9f715f6142cd626818f90c7104,Anna McRoberts
0b60f2f36b6a2cd8ea3b05657b6d4080777aaf06,Robert Vince
0b60f2f389f6b33a9a20e181f98400be85eae73f,Shirley Temple
0b60f2f3f473c83279c2fcb0bd83abf43476459e,Joe Wiesenfeld
0b60f2f32f274541b3629561b5e5246bc2821f2c,Marianne Krawczyk
0b60f2f3cb5546a813a969112d63865261e7b6f1,Josh Goldstein
0b60f2f3a7d422b3c3be837df4d1f3315995e151,Paul Eric Myers
0b60f2f342191909dabf8c6b4bba548466dfbb80,Jonathan Prince
0b60f2f329685a52f06ff499fad334092a9de4c1,Anne Collins
0b60f2f3c4c3e2e54780a0224cf2d71786c155ca,Dean Hargrove
0b60f2f3faa66c5cb50c2e56d207d0e01ce6ed5f,Joel Steiger
0b60f2f33d144626e62661cad16d06490949bd12,Erle Stanley Gardner
0b60f2f3843845b88921ef5397fc22f0777a7866,Jon Kroll
0b60f2f3d7045aef339bac0333cd35d02c7e4c12,Luca Boni
0b60f2f3e7898576f2e4bf57e1b5e6ac9317032d,Marco Ristori
0b60f2f37667cd5f80ae7a169274dc9d74a642cb,Kore Yamazaki
0b60f2f3bf35b631581abca519dba35a99998192,Aya Takaha
0b60f2f3aae5a0620aaebcd0e023d6e4b7eba57e,Norihiro Naganuma
0b60f2f37e1780ba60b447d78712d33be1b0154a,Stephen R. Shaw
0b60f2f3b07a78d73f1f54a796f202a063e3b378,Jeremy M. Inman
0b60f2f30dcce5393d698e4606b6e55be4e0fb97,DJ Perry
0b60f2f3225f50f1e43ceecaee5630e08009b334,Peter Fitzgerald
0b60f2f3dee2a710f2c85009bc9c86923672bdbd,Mike Stoklasa
0b60f2f3c8aad4c0befeb7dcd4c9f14ecc776102,Carlos Portugal
0b60f2f3ce861439ef45646ebceba5bcfbabcd17,Robin Bain
0b60f2f3853f48e4e02c8010f3d0b2fb449f1928,Charo Toledo
0b60f2f3dc8546eaa7008e977347b3540e8983f9,Chris Franco
0b60f2f3082b6b76071db0ee818518bf369e2e96,Carol Dysinger
0b60f2f32143ce1f62258a5ded9cbbb233c96336,Alan Shapiro
0b60f2f368ba248bb11c778351814ebac38d2a17,Ian Danby
0b60f2f38d5c30d377f0716e8dc5206e9414e183,Pietro Francisci
0b60f2f391ba624685c59f4409663f1c4c6f26c2,Fernando Paolo Girolami
0b60f2f31c753a0a4fb44baa84f6502520e1e361,Wayne Cline
0b60f2f37a95aab27b5b5a2042868cb2cf51bce4,David Wessman
0b60f2f3a05cf3dad148f51f6eade208d3705b70,Seok-Hwan Choi
0b60f2f38812fd599a36d3c9cea5e14a68fd3c6c,Phil Vischer
0b60f2f373a8ab2c92490241920d166dcddf323d,Adriana Maggs
0b60f2f3f4213d205e6ad161226e51ae6ecbb2dd,Michael A. Nickles
0b60f2f3de7252cf5c2818c9e9b8c815431fa8ec,Keith Emerson
0b60f2f3fac78e9d4520b111a8a3cfc539670116,Sergi Belbel
0b60f2f3b2b0aca4cd51c9cc32311b44bc07371b,Lluís Miñarro
0b60f2f3539c0b18e17252ff28ddabc12f15b491,Todd Bringewatt
0b60f2f337eb75b65695a8ac062a20e4d0aeeff2,David Faustino
0b60f2f3a9cad05026fb32ee63175ea939d4b028,Sam Henry Kass
0b60f2f3de05afd088e004f466ef385ef2d0379c,Corin Nemec
0b60f2f33eb84e1cd0644be515d04245313f72ec,Arthur H. Nadel
0b60f2f35c4fde091ca6d059293c7d9f78fef6dc,Jon Knoles
0b60f2f311feba8b859dde22eeb9bc066b9b3c92,Rob Caves
0b60f2f395b3558f2eb03f340edf531a1b0f8d6b,Sang-chan Kim
0b60f2f332239363a82b97bb5dcb1c2950cd320e,Seung-yeon Seon
0b60f2f3d83e9e6097c7518efdf98d391fd0fafb,Sun-yong Yun
0b60f2f34dbdd39fd96308f9495fed509e269a73,Yin Han Chow
0b60f2f3736abadf5e70b8dd8ee2678ddcecbdf4,Abe Kwong
0b60f2f3a437d612892b8524ea26a31a68526b8d,Daniel Lee
0b60f2f3ee45e1c66fdcddcb0144207ed1eacfe1,Richard Flournoy
0b60f2f3d77c7f180313c14041a401215db70356,Arthur V. Jones
0b60f2f3ade061f1e970b074d2b1d28708538303,Tom Dugan
0b60f2f3c6deb03bc5fa79c6261fbb0a46a3ad37,Naohisa Inoue
0b60f2f3f1beaaf02724f5e3354111129be4fd8d,Hayao Miyazaki
0b60f2f3a3269e545529e8398bb66c0333a6c876,Ken Sanders
0b60f2f330890905ae4ffbb6c1f3ce3f3b8f31fb,Aidan Scott
0b60f2f3c527bcd18590ef2c23f027fc7f64224b,Steven E. de Souza
0b60f2f33f02f11f183885c1ed2bfe65d206ba01,Robert Hamilton
0b60f2f370747b7fe70835ed3ad23970dc8bc7c7,Akinori Endô
0b60f2f319dc46ecb65b453f1de55713a17f1a75,Mamoru Nagano
0b60f2f3110f2c74e945812beb9d65d32fdd31e6,Jing Wong
0b60f2f37e68d1a9f0bf79db51f757ba0bfecbf0,Nell Scovell
0b60f2f303834f63bda8d6ab7ddb73808be2bdcf,Visa Koiso-Kanttila
0b60f2f37849afc92b099c70cfae8e1d0837ba1f,Lawrence Holland
0b60f2f3d1f6a304b3fbef2abd34ff9966e66771,Edward Kilham
0b60f2f316a5db8431f3f0dcbc0800a1da34f84b,Ryan Nicholson
0b60f2f3f2ea0b7a7585c629ac2a981443c544fd,Darryl Cobb
0b60f2f34c46a1252a5d326014ebff5b72a2ec54,John von Eichhorn
0b60f2f3435eebc31e6178b2dba084a98fa4c629,Stephen R. Wolcott
0b60f2f30719a1a33b3745881b7011f65397052b,Aldir Blanc
0b60f2f3b1e64c62a77e02005dc7fa17fc3ff00a,Rodrigo Campos
0b60f2f37417ba13507723575f8f776cfcfc7018,Ruy Castro
0b60f2f3990283c9a46abe3a80e812b0524176b3,João Máximo
0b60f2f31144817014782b1459187487d9fd4441,M.B. Dick
0b60f2f370f1b2929f98c8941b9345ba80eadc34,Mark Litton
0b60f2f3344bbe2064cfe5fda755b953157e086b,R.J. Robertson
0b60f2f3cb6cdc2c0bcf24477064c0b831c21d38,Michael Petryni
0b60f2f3222b7626dff722d329b73eb5902b2bc4,Rob Gilmer
0b60f2f35d29dfa71d2a727810ac5d370b20fadf,Marie Svobodová
0b60f2f37478582244c78934a13692688850e39e,Václav Wasserman
0b60f2f3f4261582630d6347a2a50092853a1823,Jimmy Zeilinger
0b60f2f3efa6d9f82f06125d761e0bb79f38c4f4,Scott Posner
0b60f2f311d49db06484c71810f1fcf9eeefb4a4,Régis Anders
0b60f2f3bfdc2e100048fad5233aaeac7f6d085c,Jean Falculète
0b60f2f33f2e41358a9fcc9411f1a3e79e953b49,Anne Fassio
0b60f2f35a7889e4bc7222cb5f4a2739431865e6,Ariane Fert
0b60f2f3d456d846b3588543e67b7dd91ade5f9c,Michel Fessler
0b60f2f324a8a0f924e5fea971165caec1893dcb,Sean McKeever
0b60f2f3e307cdae38b035337fe1a8944d76c09a,Charlie David
0b60f2f33a9c7b9a9f797a857c1746cf890bf35f,Derek Chester
0b60f2f3425efe2adf1d97cedb31a57390da90ff,D.C. Fontana
0b60f2f3a97c4e60aa35019c1b18e2fc8446a534,Vera Chan
0b60f2f35ff7de68c25bfce9a03bcc6f392f1a5d,Stephen Goldin
0b60f2f3a6513b522992b01a6c78cfe99eebd141,Joe Ward
0b60f2f3f9d8fd6824352f6559e401b758fc098e,Robert Ellis
0b60f2f35012cf87d06d9f6227d9a221d9e8636e,Helen Logan
0b60f2f364610f02f95cbeb71a0b323de3a2efd2,Jesse Malo
0b60f2f304500cd5ef0ffe6435b43625a12ced54,Kenneth Earl
0b60f2f38eb9824b5bdb6d5fef5ee59d35c0c879,Ivan Kahn
0b60f2f3e819978916b3c477701ffeeaddcb7011,Hark Tsui
0b60f2f391cb6aa02d01ddaad288c4a10407b246,Frederick A. Larson
0b60f2f36b2d338e59d2b7817e6f9cd5fee9efa9,Patrick Pannullo
0b60f2f3815dd50e8c532399bbc49e6e4265c0df,Jim Ward
0b60f2f38fc971f70f6171af505f4744d102c43e,Bryan Howell
0b60f2f35bf56f91e02e3ffd26be6dc3ac0b85b3,Will Beckman
0b60f2f3ae8595f2980ebe7b83959b544abd8977,Vince Lee
0b60f2f3cf32cb8124698d55bba5327b70b3259f,Yoshiharu Gotanda
0b60f2f36b17e1c569cb728c704e4d865f19a492,Hiroshi Ogawa
0b60f2f3a231588191bbcf4f7c4e5b72dfc1b7bf,Jeff Miller
0b60f2f3c332f0eca9d72b2fca617d528bce189f,Tony Van
0b60f2f347a284e30cbf774d00624082be0763b8,James Deutch
0b60f2f31526faa42ea28a51320e643f2a85f665,E.J. Johnston
0b60f2f36b96a74f64d4ec5900c9729e440c84f1,Rick Ringbakk
0b60f2f3f01431b67a53ea5b6428c27aabf25ef9,Ben Silverman
0b60f2f326a05810b82635b4be1c8b33c50d91fa,Frédérick Pelletier
0b60f2f39efed81f57d813ed23ffb3e4a7cce697,Chris Henchy
0b60f2f354da3f0e313c9dc18cc39ad3f4120998,Sara Lukinson
0b60f2f3c8945b0494c355d6c21c053d45cad0e0,Bill Prady
0b60f2f3e5eb694eb43e174871357397fd22e51e,George Stevens Jr.
0b60f2f36496a69c58a7cccd4cc134df125898aa,Alexander Cassini
0b60f2f38a3508d68014b1b7729710a68ef7f498,Yukio Mishima
0b60f2f3dc3e7b0170c1abfcc474d4c23b81e373,Daihachi Yoshida
0b60f2f3249f62b1a1bcc359ae3b6ef1bcdeeeb2,Seitaro Kai
0b60f2f3823293e7baee6528ead2ca74a48f36da,Arnold Margolin
0b60f2f3405e553686d1a14795f1b07a61273163,Jim Parker
0b60f2f38b8260b5f7087dadb5f2f151f0c766eb,Neil Simon
0b60f2f38c9005f12cb37ed091261ea9d48b4872,Lisa Klink
0b60f2f3bb3da955fbfe25832f46da32ca4e8e11,Daniel Greenberg
0b60f2f356573d0854b25b69177ac1aec9effb89,Christopher Adcock
0b60f2f3cc79ed5eef501a1cc86507ae738634be,Christopher Blue
0b60f2f393dde5de810ac887ecae393c45ba0ee8,Marnie Page
0b60f2f3494430e4b5f38826a620fa16626594ec,Steven Appleby
0b60f2f337fc7cf352c0289f60469edc6226f580,Pete Bishop
0b60f2f389313068683bbb87b98bb7b97eb142b5,Frank Cottrell Boyce
0b60f2f307b4496986afcebbaf6b36a54e88253e,Geraldine Easter
0b60f2f3cabea743ba661b9272ae52c53bfe60c2,Nozomi Katsura
0b60f2f381764d13f55d084f7e31ce3aec300311,Shinsuke Sato
0b60f2f33ead59c057c5db699367f46c3faf623d,Christian Bel
0b60f2f3d3199cde868b5b5dc3fbc4548a780191,Jim Kaufman
0b60f2f36a8d65e1a5aee16b20a4e021161d3153,Gary Leva
0b60f2f32d6fac124f8e3c304ff5635bf3481a94,Joe Braswell
0b60f2f36cdd57e8eddc980a9c9177c87df98810,Karen Jaehne-Lathan
0b60f2f3fa02a0fe969ee8ee50b9ab4b5dbea08f,Roland Klick
0b60f2f369832d29fad0a2e4a9e0504d2f3448ea,Thilo von Arnim
0b60f2f3c2105f4a0c84b73177e9115ff17d2665,Kris Andrews
0b60f2f3fa1be9199a7ce6c6d6c346fcd1c944f8,Todd Bailey
0b60f2f3d351069397c8ab4ce47a7a6c74ed3e3d,Allen Varney
0b60f2f3b6ca681c4050f0906b4f80f2c9ce6a26,Piero Cristofani
0b60f2f3912ba94930e7d293f8b7aefe0c0fc825,Lina Wertmüller
0b60f2f372622b8810f0c317ce5e0cd876622e54,Eric Carrasco
0b60f2f3f930cde6e5bfc625057db4fd4b8dae91,Mark Evanier
0b60f2f350184ceb1d7e6720188382a89cb26620,John C. Higgins
0b60f2f30d2e7dad8400e04f30f04c06c9d31d09,Scott Bennie
0b60f2f329f5773f816e956d089d8bfcfaee1f98,Bill Bridge
0b60f2f3394c9a3d78ecb14ce2979843e5aebbcc,Rusty Buchert
0b60f2f30aa27b658ae6e9e6938f7d1a79f45e59,Diane Carey
0b60f2f365237d03082c234a2fd3c034f55956b5,Andrew Greenberg
0b60f2f3a2113b08c40a569c22427f657caa43ab,Karin Kearns
0b60f2f3bdb4926cd615e7a2d3b0ea66abb8797a,Bill Maxwell
0b60f2f39bbba7c526d8e5578999cfe87df803a9,Brian Freyermuth
0b60f2f3d6f03504c8d6aa99915717e0d908ac21,Valeska Grisebach
0b60f2f3a0ea6b7ab272e0f1921a8eb74dfa3767,Jimmy Hibbert
0b60f2f307f309d12fe13aa0e1d47fd875e5073c,Rose Berkman
0b60f2f31dad008b4cbe29788647f3446a143676,Noel Braham
0b60f2f3bdc1438e5492b0c6282fec1855551a48,John Logsdon
0b60f2f3c3b0fedaf2728a2127f8864cba47d45b,Ryan Stober
0b60f2f3d0a1545dc36f27b60e21d3a36a959148,Michael Vickerman
0b60f2f3999d3f25205c5f324402ebb14deba63b,Piers Rae
0b60f2f3482e221e08da9f2ccd7110a6e5a41136,Thalita Rebouças
0b60f2f392bf91482fd0927afd6e53e9e911d401,Keith Patterson
0b60f2f3d97fb3394fcbc72183901f4104b28fd0,André-Paul Antoine
0b60f2f3dc66f22a853d4e97fda7027428c9c850,Marcel Blistène
0b60f2f316413bc0ab12777ae5903e371fb9be68,George Doty IV
0b60f2f3fea530746e0500a6d1ca4a32bdf1002a,Deepu Anthkkad
0b60f2f3dd33850ce8d5d087eaa5432bfdecd3ff,Hilary Bader
0b60f2f3699da11f04c36197fbaeff1e8ad5f9aa,Keith Blanchard
0b60f2f3fc3ad66780e895c5c331c8995ebfa1a1,Robert Cohen
0b60f2f322f578e5e3638af6c99222fed3754a18,John Schuermann
0b60f2f33e7fa3c60d97ef782862507c12bf09b5,Eric 'Giz' Gewirtz
0b60f2f31d1cd54f50e29fbd4a107d0f8d1c77b2,Christine Thompson
0b60f2f3b252df9e98dc80406132bb44a2d03445,Bob Konrad
0b60f2f360d5f3eb3b393150f9d5ceb65085f909,Anja Lürenbaum
0b60f2f34d7b66facf8ea21bce016b2acf748325,Rick Hull
0b60f2f32c8abf5816f5c3d30cbd78ce6cb6a7e8,Steven Smith
0b60f2f3dce6a16a9a962ef25fa36a836e290367,Mika Kaurismäki
0b60f2f3701921ea1291123631e329acdf8e0ab5,Antti Lindqvist
0b60f2f3455ffe1d867d2a4675807fefcf259efc,Toshio Akashi
0b60f2f3e18e817748e10d282dfc1c44baa65ce0,Takashi Hino
0b60f2f39c2d9fa0a0a119419e2420676c7410ce,Victor Ireland
0b60f2f33269bbd278fa8ac2f80ed1dc0718c89b,Toshiyuki Kubooka
0b60f2f30efd37ed929dc83086ba0c24de3fe070,Kei Shigema
0b60f2f3bfed8f41e37f224c72a2e3ddce19cbbb,Tim Drage
0b60f2f3332ef18c86466b882b699068e37d5a46,Tony Mines
0b60f2f376b0003e00e5467f1ab0b3faf513e2e5,Takashi Murakami
0b60f2f3a9a8d0dae303ba2bbafe80b4e3b545cb,Hiroshi Hashimoto
0b60f2f3f2e091ede9cb03f0e8a5b4ec1fac38b7,Josh Rimes
0b60f2f3ebb7874a27983a86523c7e235d43f8ec,Ricardo Ribelles
0b60f2f3c9ee13de0accba1868bcce5f3c859086,Carolina Kotscho
0b60f2f3112afbaf515e55187d49e351e88864f5,Daniel García Molt
0b60f2f35b7edbd778d08dd90c39aceaaec8a4fb,Alberto Lecchi
0b60f2f3a3229ad4fea6fa5745ae0d43d3533161,Don Blanding
0b60f2f3206c1548aea4c04a45ba6a76aead5c5c,Don Ettlinger
0b60f2f3f534c29e9ec8016f4ff5f629ca95b9d7,Karl Tunberg
0b60f2f3667d860f831deea48a2171e4c2cc8905,Jack Yellen
0b60f2f3541343ae8d1692e42f811781304dea75,Richard Lagarto
0b60f2f366019a5a0fb74c35c3a87cf3636dd8d2,Rim Turkhi
0b60f2f30dc49037ca42dae37b58b5d3770effc7,Christophe de Ponfilly
0b60f2f3c32dd64ac89a60160afe2ab2863c1b6a,Roger Lay Jr.
0b60f2f304c744a3dbc15cf342d296f36e92038e,Michael Mahler
0b60f2f31c5837479727484d6d36572b34550895,Harry Werksman
0b60f2f3c3d7db36fbdcd2c1b94bab5f240c8ec4,Ken Jacobs
0b60f2f3851e736e46a4f6cd6b3f516f998730b0,Max Fischer
0b60f2f39ed15e96b78a30a36f6774a30b98fe86,Jack Rosenthal
0b60f2f39308e1c13b7713b0dff2077e530e22ff,Alecs Nastoiu
0b60f2f37ba687917958da47dba012d418b0e3e8,Alexandra Pater
0b60f2f3541422d913ac23fb559aac07c844ef20,Jason Brannon
0b60f2f367e6f592a9be329822fe7c5fdff42d86,Chris Crawford
0b60f2f3360825564ff15994918fcffbc161f902,Jamie Costa
0b60f2f3bf89d77cd83d29447f19995fa7653b27,Rob Harmon
0b60f2f3669731ed5c7a90199da57eed37b0b1a6,Jason Satterlund
0b60f2f3234f9570cc8557a218001bb815ec0692,Joong-Hoon Park
0b60f2f3d883b2db527a89aafe5cf42d456a5a9f,Herbert Dalmas
0b60f2f3c792785f165399103b76263d1742f33a,Denis Freeman
0b60f2f3288e2a6b00051ffa2931bd48bbb94d20,Brett Bower
0b60f2f3beb14b9f5b67149d176c1c455bcfdd46,Leiji Matsumoto
0b60f2f3970c50f9226916abdcecf9e7dc696bf5,Andrew Librizzi
0b60f2f3df6f6c0d53c2320a656710b9397e9504,Gary Wood
0b60f2f3637d26010fdb47ae85e02d03385a0cc4,David Mack
0b60f2f30f52ed7d03bd71562739c5689a314a22,Suzanne Perry
0b60f2f328dda690bfb3ed1b398777614f390ac9,Garfield Reeves-Stevens
0b60f2f3df7791064aeedd814dec8dfa9440b867,Judith Reeves-Stevens
0b60f2f3dd591f8c301b7eb8348e77d23351e020,Douglas McIntosh
0b60f2f33ffcc867a6a74b25129bf66eac038c8f,David Carayon
0b60f2f351791750c3bc93c21db3f2dbf3d9c67f,Paolo Barzman
0b60f2f3162488dea61d799a3e17db577688e195,Aaron Barzman
0b60f2f377ee6f159c56376971d24b72be16bc8e,Kevin Gillis
0b60f2f3ac9e355bb5a0eaf022fc072907f15862,Juliet Law Packer
0b60f2f33fd94e601f859a6de2dca0832a0fc949,Maxwell Anderson
0b60f2f3d2b3f407ae55668857e10ae4edbc5949,Victoria Negri
0b60f2f376cbca40ac29e2c9583820a3a74828ed,Alison E. Rose
0b60f2f3e142e95d2459f2e66325016a2b4dd0e7,Kaneo Ikegami
0b60f2f3e0dd190c23b7447befe03749759fbaa8,Toshio Masuda
0b60f2f39b2998dcfae84fc80c923b3a3bd3599f,Mick Grogan
0b60f2f3025b87a0240aba786adb2407f1ff53ad,Tedd Pierce
0b60f2f3e7d824fa1c7101ce339b11abe9469f8e,Espen Benestad
0b60f2f3e1393e7c69cd3635b945e0eb2fafa513,Even Benestad
0b60f2f36b82377a2bb7f6907f863ac8ed8440e1,August B. Hanssen
0b60f2f34a1b84bd53426f06bc67a02dc8b372b7,Elizabeth T. Danforth
0b60f2f3e7032cc57c6bf6a7c8162a03ac82da98,Mark O'Green
0b60f2f3b36d6c9118b04597f22d9e08372be939,Michael A. Stackpole
0b60f2f35eac4276cdfb797f57d29286755d6294,Felix Randau
0b60f2f31812eef931b7461b9753b774b5894b99,Joe Sill
0b60f2f385cd6c692eb517fedb54a9e94c45c183,Francesco Malavenda
0b60f2f3c9d6f87657cce8771736b1b347139c53,Enrico Pinocci
0b60f2f3e559c07035c8e0aad5ed79e77d97972e,Dominykas Klajumas
0b60f2f3769d572075950a9f9e439ab027c961f3,Titas Laucius
0b60f2f360ba46cab89b36e61629f41f6c1f27bf,Deividas Misiulis
0b60f2f32e3dc72fc99f4e404086684d08f520ff,Gene Feldman
0b60f2f32e99d224217e61ad38abf9e7d590ee20,Suzette Winter
0b60f2f3a557ec0b21bd255c80701bc2be0e9c76,Matthew Jacobs
0b60f2f38561ca64b8a8780f0eac11b722056356,Edward J. Bozek
0b60f2f3eef04ad442691a85e2226793e5f63035,Lowell Cunningham
0b60f2f3b30bb67d1af54ef1ca4d51f6c50e4005,John E. Hudgens
0b60f2f37cdcfc39eba4ab00500bd1dbc382e17f,Scott S. Kramer
0b60f2f37e5131c76b97525eae102e82fa454bd2,Tom Newby
0b60f2f3b28863c4fa1eddfcad40423ded748971,David Tomaszewski
0b60f2f375829d8e9da02af078e08b013191a903,Troy Denning
0b60f2f3354dd7d0a545dac9bba6d3b639b5ffeb,Tye Nelson
0b60f2f3cdde35f110692991f9f1ee661fa3346b,Aliakbar Ghazinezam
0b60f2f3ce7a6e0bae10be6aea6998c161bc419b,Carol Chiodini
0b60f2f3ce7a1b5b96a9460f58fa3003777dc73d,Brad Murphy
0b60f2f3bb631ff0a93770514046fd4fc064e322,Kristine Kathryn Rusch
0b60f2f3f5bcea4c36b6dba8a2411b11c5091f3d,Dean Wesley Smith
0b60f2f36ee48ad51c30a43d05a0edd4a2541c7a,Jason Yunker
0b60f2f345ddb07a303010adbdb10bc905c2fca3,René Féret
0b60f2f3aa6e99506be4d46045f65ebca9869b36,Hal Barwood
0b60f2f3398630fbe74f23573cec2f04c4e15c68,Eric Demeusy
0b60f2f3a142e9985add1944c20d937dba17641b,Jason Mitcheltree
0b60f2f32d81c8021b69ef837c43ea5a11a6b79f,Ratimir Rakuljic
0b60f2f33f7b346edaf80fe88b945da4a2964c82,Carl Sagan
0b60f2f327b8356568fbf385a8a54de5b919ad36,Jennifer Nicole Ross
0b60f2f3c65df9483c6f3ce2ec847ee7a0e87bee,Pietra Brettkelly
0b60f2f3c946cce2730042b7848e00c8bb65ac25,David Barba
0b60f2f3da3199bd0390d9ab312c69ac59499e8b,James Pellerito
0b60f2f32b7dec6ade973362c0c5f753aa3a7038,Gi Jin Jang
0b60f2f3ff27d85a04908213008c3fa014623273,Kazumasa Niitsuma
0b60f2f39275fb36dae829bece435874030c273c,Yutaka Saito
0b60f2f3bad43d521ea6fb1c6b279b5c91c0e32f,Victor Halperin
0b60f2f39d0da33a1bfb3ce81233f79506e9cf29,Oliver Drake
0b60f2f32666d27e4fd4af5a260fedbe3f2ee637,Il-joo Jo
0b60f2f38d6bdbfcbcfefb4aadf4cf3d246e21bf,Seong-wook Kim
0b60f2f30a11cbc05d2a959a9e908c815c4863f2,Akinori Nishiyama
0b60f2f32dbaa892ffe291a4e4d226d2bfa2c2f8,Tohru Yoshida
0b60f2f37772d6831287ae6066b9a1999ea0f1d5,Albert Hemsing
0b60f2f328ed38dee85e60ee2e02aa77c4a5dc4e,Esther Hemsing
0b60f2f3cfe2bf1898790b39259f4d0de7b2fe66,Gerhard Schoenberner
0b60f2f3c1dcd746477c4742b90443a63ff2765b,William Bast
0b60f2f3e8534f6e6b5c74df8002f57b06124bc9,Marco Bossow
0b60f2f3f1c2382d3f874faa34e9b49df4b9882e,Andy Brown
0b60f2f3f32680ca3482d79b1b72542e08f7538c,Steven M. Smith
0b60f2f3526a270d8fdb46a60eaacefdda74377f,Paul Keyes
0b60f2f3f41748c0e9d39f19965fa211c973154e,Steen Rasmussen
0b60f2f35fcec46d16e02f4dd191d09348d7c886,Michael Wikke
0b60f2f34e86f5814716e85888856ba381be37a7,Garry M. Gaber
0b60f2f3198d0a0b57ecf19d07cc444331bc73af,Keiichi Hasegawa
0b60f2f3555e495e924d3c158ec0322cb1d5a9ce,Mark Hanna
0b60f2f37d243f9eb4e883ab663eef4bac740994,Jon Purdy
0b60f2f33ceca3ec15dfa80a3e7a5d22e58e2d9a,Takahisa Zeze
0b60f2f321f393d51f33af689192ba66169aeb5a,Michael Yhuelon
0b60f2f3e544b53de781a23bf4dd272ecd950c09,Christopher Allen
0b60f2f31d5f6aa16c90522e3e11e53ab8f27700,Frank Melford
0b60f2f3383507eb439586eeff93f83efb99ca44,Cornelius Reese
0b60f2f375dab9124e7feff9fe70c0613e1e11b3,John Au
0b60f2f33805ffedc73d79267fd2644fa2026d93,Lawrence Cheng
0b60f2f35fe213c3fb9194a5c6873a3823da0f4e,Kwok-Ming Cheung
0b60f2f3d538eabe3e605afc642d37a2b1239baf,Sandy Shaw
0b60f2f3ac05ee53686fe95b15e60b8e74c14278,Manfred Wong
0b60f2f36838d23f3c078ca90f4a195d5df3bb91,Kai-Chi Yuen
0b60f2f33534ff8c1ec4e18eef03860bc695b8d7,Kotaro Hayashida
0b60f2f3a4b1e584e4a0fb1e554d3729a44e77b3,Rieko Kodama
0b60f2f37125fd89cf3e1228b60dd1692f9297a8,Yuji Naka
0b60f2f3d4552745660ac15580b41b2332b35c4a,Gerald Potterton
0b60f2f3a6de12f9d8ed4e359f8ae565940d092f,Anthony DeCurtis
0b60f2f34f5ef07f8991ad66611d02611e4150ed,Michael Rainin
0b60f2f3943990ba7a34a119faeab5c1f372c6d6,Hidenobu Hasebe
0b60f2f3cfdde0367379fdd5f1cf0dba1fe28317,Atsushi Kanno
0b60f2f3595323a3531131bd066ec57fb3b9af02,Daisuke Mori
0b60f2f34d41085970263a81a93d8f8c7d16d4c9,Chris McIntyre
0b60f2f3e1128c9a7d847b64623b1b2dcf24f4b0,Martina Taubert
0b60f2f3f318b934ceba2a00090175578a8903ff,Hope Manna
0b60f2f3b04c4b53c0e3e8a88ff07e6ebcb5814e,Jim McGinn
0b60f2f39e2842c57fb4a4929a284c7a7794ac2f,Mads Baastrup
0b60f2f3df00232f298a27cbb32711160c360305,Sonja Vesterholt
0b60f2f34c192c6f5bf8d517cd11c1c38aae8407,Bobbi Jo Hart
0b60f2f39c964ad47f2b85e8300581d409b75a89,Richard Bartlett
0b60f2f32097ffdaf4448ea799433f6deb2dd59a,Ian MacDonald
0b60f2f3728f8649cc3c344a73c62eaaf26d1825,Eric Dallaire
0b60f2f3e723f2d282ccdff05028ee056c812bbc,David N. Weiss
0b60f2f3ee94c3b9f8a1abfa5d82e274e11d872c,Rob McFarlane
0b60f2f392749f35dbe9b677acc6a79a2563dac9,Phil Lollar
0b60f2f32e550adf0ec55ea092cdda60e5b72261,Steve Harris
0b60f2f33ee50fdbc93ebe37853359ce5faf4e33,John D. Estes
0b60f2f329cbe4b1970b53d8365e2959f595ee05,Fred Ford
0b60f2f341ac5fee973fbcf47a637e8c373c825b,Mat Genser
0b60f2f3b7f4137b21b4975e720e0b615e326ea6,Greg Johnson
0b60f2f3795fd33f263661fe6450678d82cb7af1,Robert Leyland
0b60f2f3bb859a89689380244d72bcaf24f7e5e8,Iain McCaig
0b60f2f388d7425fd6178324ab60c9855e383e49,Erol Otus
0b60f2f3381d892ffd72190614544e74485e2bf3,Tomi Quintana
0b60f2f3a6d7e55418d8e8cfd2dd7a8ace0f55fc,Paul Reiche III
0b60f2f33cf5d6fcfcc01137ce9fe3b8c19f5c3f,Leonard Robel
0b60f2f31db33038f42659ccb14fb41acb986ac2,David Wild
0b60f2f3e8c07abc655a8571086ba6f6e704f323,John T. Neville
0b60f2f3036c2093fb9c4618021a7b0487850158,Marty Lang
0b60f2f339f636c34b619a60a4fbac3a092f7ee5,Mickey Duzyj
0b60f2f3e32cc50b4bde3b30e67e55bb51f59523,Jennifer Muro
0b60f2f38d503cd5b2e28071b3ad973ebf00399b,David Leaf
0b60f2f345d56d437c097adedce2ebc0995054e6,Steve Olson
0b60f2f39f7638d12e78dbe6428a4bfd1063a1a4,Terence Dackombe
0b60f2f37d2a62fc160ea0221548ea973f55c508,Lewis Friedman
0b60f2f388b92e8e302ff6605adefb4e05a41439,Masao Arata
0b60f2f304324ee626afddcdf05f3c20997e21a0,Tobei Kujiraya
0b60f2f36fb78ef675d344ee8921c09e9188a79f,Katsumasa Enokiya
0b60f2f3e056f2ad038d36282c91ae9a3bee4f28,Yû Irie
0b60f2f3fca1d21a0d2509cee1b654498fc53dd1,Kôta Fukihara
0b60f2f358a0d68821a62aac0fd08efb7ce92e0b,John W. Dunn
0b60f2f38e0f1055641cf7a3f1f1069a95f5b901,Kevin Allison
0b60f2f3f1859ef43048fe22137f127d2479d4db,Jonathan K. Bendis
0b60f2f34d1c5eb5f139db7e79b325f5794d364c,Michael Ian Black
0b60f2f362eacde99bdd14079c14ad4ee1d6530a,Robert Ben Garant
0b60f2f3de48287dacbb79e9d743c6f9197fcb40,Michael Patrick Jann
0b60f2f38a16be27ef1137e6620347947f8934ee,Kerri Kenney
0b60f2f36721fd57230219e1238a53a4d99799c5,Thomas Lennon
0b60f2f3317caf9c30557b80bcf9b788ce76ba8a,Joe Lo Truglio
0b60f2f3df82c8155fcd8ecb11b951bed3461b4c,Ken Marino
0b60f2f3d6e76bdb12b02115a066c0ef736c94ad,Michael Showalter
0b60f2f32ceaa10eed84b26665fd717c05ae59d1,Steven Starr
0b60f2f3c221a1082d89e2747fc9c4e87513f892,David Wain
0b60f2f3021745104ec1f4ed19d49b44e28fff8e,Darryl Gold
0b60f2f34f7bdbe62fd10369ea62bf5c8e81e42d,Chienshi
0b60f2f30c6317a3a8a2d362ae1a5b1424f56b30,James Swallow
0b60f2f3e88164b5749a9a89a91d2aa26e27a7af,Anthony Giacchino
0b60f2f37fb829576fd74664eda5be71d7918600,Susi Ganesan
0b60f2f33237ef1cd39c683024b5512e56b0f1c6,Dick Cooper
0b60f2f341ef8f3923c307438d0249c367eecb50,Anthony Daniels
0b60f2f363c7497f3d25693e2ba301562ebadea5,Arthur Caesar
0b60f2f3589f4da39bb897e85aac78405eaa7626,William A. Pierce
0b60f2f3f0cb94078930a49707f0c695970e1b8f,Frank Butler
0b60f2f3fe5511a1749d1bac968b2627b3193582,Don Hartman
0b60f2f3696f543b53a7921be02f48d4d6621018,Michael Okuda
0b60f2f3aea4475423604e80a0a7440d9dfc6fea,Rick Sternbach
0b60f2f3bf73673bfcdf4310a17058f4b569a019,Andrew Kim
0b60f2f3a49b04dccc7a778932a719201332ffe7,Jamie Benning
0b60f2f365ffc29d726a495a8e544f70d796c185,Walter Doty
0b60f2f3d9d213d9ba8af35db3cc4589fa532384,Todd Shawn
0b60f2f3dc90aa0f273701e76b7c80dc6373c0fe,Steven Kobayashi
0b60f2f3d05c3d266079b6913a1d39205df95250,Bill Dare
0b60f2f3c2691bb9f5bb6482023523882823b9c4,M. David Melvin
0b60f2f387e1f71893466085a99155278c780d06,Ion Hardie
0b60f2f35f982152472884ec5dc9ed3c440e062e,Zach Young
0b60f2f3bbaa8c32a202b706b6330cb3efadba4d,Billy Crystal
0b60f2f3ee82878aae4346339454d12776a28c05,Robert Klein
0b60f2f3af2c3e65695de812e0f16267d5963d72,Robin Williams
0b60f2f36a768f24b802679dc4c4f08a3472787e,Noël Coward
0b60f2f3a4a7c84216438ee5a82861d936361dba,Stanley Price
0b60f2f3defcd086101f2ccdf229ef4641e3d16a,Jay Pharoah
0b60f2f35855787b3a398583a03037637515c49f,Colton Dunn
0b60f2f3724dae6165e6460b3cba9bc105a534de,Seth Morris
0b60f2f310f18320ba67c48dc105012435640eb4,Nick Wiger
0b60f2f3808ec9b36bc265de516266cd27b1f3d2,Robin Thede
0b60f2f3d6881f8156d700aa049c3f78f5b05b9e,Peter Hoare
0b60f2f3059fe05e72b6f2b57f4126b9c6e68f2b,Ben Andrews
0b60f2f327b3c1fd14488cd3316c0cda049e8506,Ben Johnson
0b60f2f34196e5ea2c1e097e496be7ec7c7fd4ec,Jon Johnson
0b60f2f311745f12afc4bd94ea1e01199d06631f,Jön Johnson
0b60f2f3f20580286e693a6e6ef700bc154e88aa,James Lyle
0b60f2f31b025269e5eab770277affc643161b9e,Lorraine Montez
0b60f2f38320e357c0688f290ef6f2f9a55b4703,Leo Roberts
0b60f2f354233797e4b935c15bf1a33c670545b4,Brian Sipe
0b60f2f33766946451ed61566768435d9e8bd664,Roy Stanton
0b60f2f31c6435f29c06e6c7d2f286df24f5c1b6,Andrew Iverson
0b60f2f3fa33974e92f2c7fecb1a4e8a0d904fff,Elaine Friedrich
0b60f2f353b5715a9d6b6a516a0fbc71ea47ea26,Laura McGie
0b60f2f3391fa9752111349dda5d4fb3106b339d,Allan Neuwirth
0b60f2f3982d6377bfa9ceeca7e4454cbaaa74ff,Chel White
0b60f2f33d4107bcc0e0695769c8fe09e7188561,Adam Long
0b60f2f3348f5fe033e6221a6ff9b138641f5bf7,Robert H. Justman
0b60f2f3016d58e782cae069b3a1edc45e2bae5f,Herbert F. Solow
0b60f2f357740e14496ac05c9145f37b66d90483,Justin McConnell
0b60f2f368d5a934a3396416ca0865ae5d5995b7,Brian S. Matthews
0b60f2f39fe45d4997619d307b60b5dd85b9f1ae,Masahiro Sakurai
0b60f2f318157c6a93adadc7c3de8a0a9833ecd9,Ken Eklund
0b60f2f3afe2717903ed4ff40904d216d05c6ff3,Sarah W. Stocker
0b60f2f3a6d5993842f769ca313698e293f2e702,Marc London
0b60f2f3d932d67466ec599b098ec270443979dc,Erik Lee
0b60f2f33beb9aa20cd32db98240ef2e8c0959ea,Christopher Tevebaugh
0b60f2f3599402ecee2ce9e435e216ac804757c6,Sabine Mädel
0b60f2f3168d45f2170e71b086e83bb31b6e58c0,Ute von Münchow-Pohl
0b60f2f3a0c537480d5b2c281246aa6feb21c3c0,T.R. Bowen
0b60f2f3fb235a7187a1569e339b7157aac5b378,Don Quinn
0b60f2f3446bd0ee2aa243d7e881047ff6aaa9e1,Barbara Hiser
0b60f2f35dc7d6d5ce6fb48a9dc4455f36893cd6,Anson Williams
0b60f2f350fc44a6718d958986a83804cdb8a9d5,Mark Kovalyov
0b60f2f31b9d15e8a8d1fefd1b1609e566a1d69d,Vladimir Smirnov
0b60f2f30f6626e3a99ec257217a5e31e4fee467,Boris Travkin
0b60f2f39daf82cb507574e4d0a03de70b88bac5,Hideo Asakura
0b60f2f3478d08f42c9ca6b3520a37ce119707f8,Chitose Kobayashi
0b60f2f3742394292d6681c72ea01fe8d06069c4,Tatsuhiko Urahata
0b60f2f3934a9cb389c74414114df8da358202b5,John Mess
0b60f2f358821a58267e3dd9135977577c2a59e4,Craig Sheeler
0b60f2f3c0dfbc5b1e87dc54833149ca5bd7a990,Ian Gray
0b60f2f30f58773f3d0813a0f32861931b2dfa10,Larry Morris
0b60f2f3da8c2e1e010fe7adecb512173957da0e,Dan Woods
0b60f2f3904fdc51e4e1d19af6c1b5f3efdc32ee,Curtis Harrington
0b60f2f375253f5a398648e26fabf930486baec7,Joanna Berry
0b60f2f3fb488633b4f3109c113a298395a5fbee,Zach Bush
0b60f2f3c91b4650f46da1d236ef73d2b3f88f92,David Buckton
0b60f2f303629d9456934957f737aca6e17fd7c1,Robert W. Chambers
0b60f2f3fcef3adba1636bc5a054b339bd5c65d3,Frances Marion
0b60f2f397f0e5a1ca993acba661f9e00532f59b,Pyung Kim
0b60f2f3c50fca86f00229635cbb847c87aa629a,Andrew Van Slee
0b60f2f34930fe7624a084acc23cee6a3cb21908,Ron Marz
0b60f2f35329bf8517e7b4a566f11c738fd6a950,Fosco Dubini
0b60f2f3716dd23195d950ffe1e515d55c1a731d,Barbara Obermaier
0b60f2f36cedbd3a781207f350333ce4253b02fc,Lloyd Lonergan
0b60f2f301bf9e305ed6ed868349f76c9466b0a9,Dina Chapman
0b60f2f3fd463fe3f0869d0e610634b9ecf7aa70,Hopwood DePree
0b60f2f3874be3290cafbce8418c7b87d7910ca5,Jessica Champneys
0b60f2f39e9708657b79ca9c2965b842b759ad2c,Rick Mitz
0b60f2f3e154801177c5bbd2b01b590661a44bd1,Stéphane Drouot
0b60f2f39fc2118f4834ddfb0796df8cfb122536,James Duke
0b60f2f3a82bdd7e0baa5dc3d52bce260d041416,Nathan Scoggins
0b60f2f37dbc3946a8697f95bb6e984f2d060031,Courtney Woods
0b60f2f3cb14f84564f43806c5464e275cc861c3,Matt Burns
0b60f2f36f6543ae2e1e4bd8a156113a70376ecd,Masaki Tsuji
0b60f2f3366064acc488619ad16497987907a002,Yumiko Ôshima
0b60f2f3b6ec86b57ecbceb6a830f0d844a71b4e,Jung-heon Lee
0b60f2f3b27bb5542d4fd9c8e07f98ba2b1aee83,Christine Ferraro
0b60f2f399cae4e3531ed5e57551094b5af83f63,Saygi Uygur
0b60f2f3853a7bf651f6161f7714114f5d5d699f,Burak Yavuz
0b60f2f35af3018df0387bf9a40084a2956b7eba,Udo N. von Tyrol
0b60f2f36cef9364951116f6b67c759fee7b63e2,Amber Cahill
0b60f2f306232d60417830b71177b5f922a64641,Jamie Lustberg
0b60f2f31660aaa85a959c0e09470432ed527503,Martin Skov
0b60f2f34c0559821d194daf0e116f8bd74f6520,Eiji Umehara
0b60f2f319e17d23524634649b762df2f6523be3,Janeen Avery
0b60f2f36ee1f258145f45befd74b030ec9e480a,Christopher Burns Jr.
0b60f2f31bf13e04eee129c8a15524ae5e7150c3,Mark Mendola
0b60f2f3584c7012d86e923a900eaa72ddd3f78c,Adam R. Steigert
0b60f2f395b6a39b1059d57c2263548c6e9c4ac3,Ken Ehrlich
0b60f2f35b878105f79c64f4e5361f8dbb0ae479,Nick Bailey
0b60f2f3a5e58b5a45ec9bdca0acb860f482cd03,Monty Aidem
0b60f2f34a278b72c91040566ccd169ca56514c8,Jeffrey Barron
0b60f2f369609426bf07e78e692d835462e1c9c5,Bob Howard
0b60f2f33506e78d18c43aa32ae0a1f94f9efb13,Larz Bourne
0b60f2f3aae797b0e36341cc4886302545773ff7,Jack Mercer
0b60f2f3a815a133841f9b9a7f1a868e0e2ae3c0,Carl Meyer
0b60f2f3553e2841bb931ca08a501322a50157f0,Michael Cox
0b60f2f3ec831845f8bbcaa344df43df97d23f7b,Bryan Meakin
0b60f2f3702358971d580c0663f17eeeca0c30a4,Brennan Gilpatrick
0b60f2f33ead1dc292145e78d97f6ca429e538ab,Arya Moghaddam
0b60f2f32c909c66b424035ab41aa316c1ce33aa,Christopher Parks
0b60f2f3896efe50555496f58da2feeffd97b4e4,Steve Korver
0b60f2f396fd45b3a4ecc2d88b9de408027bc08c,Rene Nuijens
0b60f2f3833de70bdb5976bf9648df5e5cedc2e8,Alpha Habon
0b60f2f36af95ec459d97a3bc3b9ef3453d4f4d6,Rod Marmol
0b60f2f34c4e04d83959b7704d790830f91afe3b,Justin Johnson
0b60f2f3a5157a8e07dc5577375e680c8b785d00,Monica Ewer
0b60f2f3f35f6eccca8665954855bbfb1ce4c205,Bridget Boland
0b60f2f3e23e5e18dc4e5da9b8406ee8f5ae5eb4,Austin Melford
0b60f2f39d83fe1792da3ea114712f388c58d053,Yvan Fahl
0b60f2f37ddd87fa6d650107e5e4b9c60b47ebf4,Patrick Mimouni
0b60f2f3847f6441142a00d7598bf736257dcddd,Frédéric Strauss
0b60f2f333f454d2c1838522c50f9680d7b49fee,Angela Turner
0b60f2f35ecc0ca8a985333f0f7421367b93f924,Shigeru Miyamoto
0b60f2f33e0d490477aa3d09a76710c00f895013,Alex Russell
0b60f2f3c4ac288a0e4aefb7128ac4f942d1cbef,Kevin Abstract
0b60f2f3ab2002a02d65dd1f6d198a2726d3f22b,Virva Kunttu
0b60f2f371ab87e94cc356e2b4f96fc285fe0502,Vuokko Kunttu
0b60f2f32a1a2f0b6bbef3d8106a90ab1625cdbe,Robert Meyer Burnett
0b60f2f34152875f0e82eebc7ab2d97c00f7b37b,Tim Postins
0b60f2f3a8d8cf9cd12742b8f2260c31216d4426,Mark Seidenberg
0b60f2f3e0329dff9cf17d902ec3a564e110b172,Rich Fogel
0b60f2f3c1125924e6b871fe32d12865e2f3f35a,Hirondo Saiki
0b60f2f3f4396d8d674b6c7ba82b63a3079b2ecc,Haim Idisis
0b60f2f35a92a7bddb2c69d7f916281ce9ca266d,Peride Celal
0b60f2f3b9b3f480fae1a3f5f6094262b6b62241,Safa Önal
0b60f2f3e10c28a5206505f9f61238510409fa9d,Memduh Ün
0b60f2f3bba62805353b6dec56e45d4fecd24fca,Le'Von Webb
0b60f2f3ee7e7a39bd170dd4b632f151448f7e25,Václav Nývlt
0b60f2f3c4e895d4535ce3ad227d17868754093d,Ladislav Rychman
0b60f2f34482a39e787e44e1647ea237e075263b,Jirí Staidl
0b60f2f322226d91aa5fda98e9cf06a6e802e641,Josef Kajetán Tyl
0b60f2f3f9b0f87ffb6e9e02c41a44bff49308b3,Fabienne Gschwind
0b60f2f34c294c319c90f8063dd4fcc1cba6f968,Jeff Dandurand
0b60f2f3f0aee41418e7347e84decfcf020b1cef,Jeph Joseph
0b60f2f3cb0fe66a335a8539cbf9b9fed6a50cdd,Brian Alexander
0b60f2f3739307de0c8ae27d9b919ae07fe3d1e7,David Penava
0b60f2f3fb4c3973929d3ee7528051097a2d762c,Ville Lepistö
0b60f2f309f69ee9f6828325c230af67040a4376,Erkki Lilja
0b60f2f32eb0a54fdd9a334cc97ec4ed803a35a2,Lauri Manninen
0b60f2f374f5dafef9c8a079dd9a5defd6982cf5,Olan Rogers
0b60f2f3cc4124862496227bf59883f4381f3559,Tony Beckwith
0b60f2f3811e0c31355c2a1578fb11af34f66f8e,Amy Goldman
0b60f2f37deb18b635c49495c1908c784125214e,Mike Singleton
0b60f2f3ab3c300497e7bd65705f4d2b56d69f6f,Marco Romano
0b60f2f3a9d8db241b11f34c4fa3d45335489525,Don Bitters III
0b60f2f35762496070f47543f7c4dedda88513d2,Jason Tobias
0b60f2f3c65f49d7c9b558ea593c02673cfc56f2,Todd Blood
0b60f2f312b33717c283e0cfcbabe1ebf563eba3,Paul Leder
0b60f2f3bc7eaf43547433faed63d3cbd9d3f541,Paul Tabori
0b60f2f3fd2e12babe918a164dbd8230dd5e3140,John K. Butler
0b60f2f35d7a8e16853803c0e338f0d115d7182e,Gerald Drayson Adams
0b60f2f3cabb51e1b8cec9bb2cc177d1e3f7f738,John W. Krafft
0b60f2f3c1d4d6c76d0f7148e3c334d3e0279ccf,Jim Staahl
0b60f2f3675d3310df07dea8ac664e232b801231,Mark Chappell
0b60f2f36f34a55400fe2403bfb22435ab4aedf9,Victoria Powell
0b60f2f351dbefdebb7a6a4eb006ac28f7f2336a,Damien Valentine
0b60f2f31ea1d1e982b3d6f03bbabdb17ccc3e60,Sonja Lindén
0b60f2f33c54356f7645001e3532e428d659f479,Darrell Bratz
0b60f2f39a3aee706672de11eb4c3e999d7cfac0,Ryan K. Johnson
0b60f2f3d4c0f0fa2e9915f5cadaa7d515054b45,Gô Nagai
0b60f2f30e2f31a4593abd72da4b675998d85070,Zane Grey
0b60f2f3b9a1d12a289166617a1c8233adef8d9c,Seton I. Miller
0b60f2f377de08301a3d12f459bbbe301be5d7dd,Peter Berecz
0b60f2f34500c8109cac362e963facc3301fc5f1,Niki List
0b60f2f3697e876815ff234c8ceeb0cd255a672d,Greg Garber
0b60f2f3a06cda01d258bb61068e4e04d1402c50,Ben Houser
0b60f2f3235dda958c066e85dc636fe2bd1c66ad,Martin Khodabakhshian
0b60f2f3e9cd1c13b8627f0aa531d1b85a392d35,Craig Lazarus
0b60f2f3c2c4eb73a73b91eb07b0a7801ba57fc9,Michael Sciallis
0b60f2f3ebbbf033f16fa72e56869ad904b20708,Michael Capellupo
0b60f2f3eff810257694782480d46a34cfc79342,Massimo Mazzucco
0b60f2f3dd9f3b2cf61aa0c52480cf1ed5078db5,Scott Trost
0b60f2f3b7f09e442d0732c100b517eecd4358ba,Bud Schaetzle
0b60f2f3c4f7349941ad98504697344d0600e6ab,Derek Howard
0b60f2f3f7d132fe01c49326482c99142adf7ab2,Racan Souiedan
0b60f2f3e1b39232cb2e241ef4efb60cbbd11d47,Mark Critch
0b60f2f329341d3f9becd6864ad63c973a4d5e39,Dean Jenkinson
0b60f2f3c744869017c8cdf64f10ec0e3a3e5dfb,Tim McAuliffe
0b60f2f382ef3d44479c61ee12ab629983c61910,Brandon M. Bridges
0b60f2f35bf29afed97f874c581ee5bcaf2772bd,John Leo Ivor
0b60f2f3d1f03b284d44cd48204e18490c980ec4,William Winckler
0b60f2f310cd457829e860bdae97bca259f46513,Yassen Genadiev
0b60f2f39f77865c4ed2a4e07f51578ac500895f,Lyubo Yonchev
0b60f2f3ddfdd15184b0fe740c8d2b088a6b8954,Srdjan Koljevic
0b60f2f31e971965233eaf7d5d27d489a12e9369,Miko Lazic
0b60f2f3dd7f283c03d3b832b722bd873753c477,Friedemann Beyer
0b60f2f33dd02ff96b4a354f460a8637724cb1cf,Achim Podak
0b60f2f31a713fecb116f438f1b6f486e9cbc1bc,Gig Henry
0b60f2f3bb31c882603b4f5c65e4fd0df3340978,Robert L. Mills
0b60f2f3b54ff81a72d2e85f2a04582d03fe5cd3,Fred S. Fox
0b60f2f3e2ed56af378a344248effb1db9d293ea,Seaman Jacobs
0b60f2f327986088d78d5851802327493fff8672,Bob Keane
0b60f2f3776e7816e8f7afb76aabf3b58bcb5010,Mischa Mleinek
0b60f2f3a2902cde542fd513fca733555d0a3f36,Raymond Montemayor
0b60f2f30b1804598c2901109ee3a565351fb252,Nicolas Alayo
0b60f2f3288b17d4822dfd8d07c99f0d8f809962,Preston Yarger
0b60f2f3622f77f80551e6efb6dacbd230c4f930,Enrique Mencía
0b60f2f3dbaab6c4c0372f17108b2211efadce25,Rocío Priano
0b60f2f3f2dc32c2f890752a9973ff8ec49f1450,Turgut Etingü
0b60f2f3a256201be1f9387ed76f9918263b1f39,Tim Tobin
0b60f2f36e086117edf74d21918d1a21f6c2a0d3,Yuen Chor
0b60f2f30d78ec9501c24442ee4cf81dee4bff5d,Xu Xu
0b60f2f34912ace34ccf6a5cd77eec3206753824,Rick Austin
0b60f2f392e7e34b9a1ecde8f8be12f75f74e3f6,Larry Young
0b60f2f3223e85c83c2d51f1f4cc175497e2c8bb,Rantz Hoseley
0b60f2f3048698e03afe0b670aa94591f54516c7,Morgan Lariah
0b60f2f389a4d99c6c379d062d38613bef124774,Jacob Halajian
0b60f2f3c0c8410b9f2191471bdbd93c533af8a1,Thomas K. Phillips
0b60f2f3d8bd21c993dd0ef7c06571a5125b4799,Tim O'Connell
0b60f2f398bdfabfefaea6132a48726240bd652c,Jason Noto
0b60f2f3c64bdc6b5780607192bca078b6b519a4,Roman Battan
0b60f2f3a85bc96ead644c0f005ecdceb279a560,Tim Feeney
0b60f2f3a7bc68ec7d6c27affa1078095fe6d439,Jacqueline Gault
0b60f2f39c8cb2c803b93ecf4ed88ab1fa9934a2,Josh Persson
0b60f2f37a77988031f7be8bc66f6949def6f55a,Zacharia Persson
0b60f2f314f2adf16046cf402b9777e487d90377,Chris R. Wilson
0b60f2f39219ac034b63e62a30fc0e652dff01ca,Jacopo Cecconi
0b60f2f3345cd7b4ef8c60304798c934bfd86f3d,Paolo Cellammare
0b60f2f32777bbfc78c87c0b407f7163875efac9,Giammarco Sicuro
0b60f2f342386698ace16534d366711a9aee07fb,Chris Kelly
0b60f2f3cbb4fb9056cee8ce94f6bce588fa612e,David Hughes
0b60f2f39e9e868c3c284a1f8dc6d7ccc4163146,James Wallis
0b60f2f3a7a7496e8c351d09ea0910f8465dd1e1,Daniel T. Hale
0b60f2f35c05bdd3a48e3e59676bc7c1d5b4be09,Mark S. Bernthal
0b60f2f37581aa09fc1861d74bf21a86223969da,Stephen White
0b60f2f3cb2e5173b2c5ea631d26d8c4b68e9816,Patrick Coleman Duncan
0b60f2f3557ee5a9b742c930de9e8ae07fe48196,Paul Curley
0b60f2f38719125557e63f3dd8238c9e2dc28860,Dexton Deboree
0b60f2f3005b571b9c93ded09d8a12bef13a7296,Usher Raymond
0b60f2f39b5efa3ae3d8bbd7110f7eec57f383be,Josh A. Cagan
0b60f2f3c1581390c7994062abb1278be6b9d010,Jeff Rowland
0b60f2f33428b4ed88c28fe460a3a36aee05ff35,Jules Verne
0b60f2f3371a7e4b292d3996ab736e3bd02044ce,Fabrice Ziolkowski
0b60f2f30564e0cb429f763e17577a7d3d884bc8,Robert Emmett Tansey
0b60f2f3c0a921975b5cd074c6f5b415c5bf705d,Frances Kavanaugh
0b60f2f3c64d1e973083ed6f53113fa8eed953d1,Charles Horan
0b60f2f366f3f77920cb4b284cf20e1829534d9c,Rufus King
0b60f2f33f2ddb059c23acf11bbbd50f01d7dd35,Chairman Barnes
0b60f2f387d9b4e54ebb26efa2b802e4e354c191,Lisa Hazard
0b60f2f394f9d649bb0b1cf103e75fc6b369d420,Tim Lynch
0b60f2f35d5c49b2ecfcb55d60aa78bf186c53b0,H. Quinn
0b60f2f3d7d06da302e25d16b750ed8b2bda8cc1,Alex Rosensweig
0b60f2f37068f3bbcd1d4b8d85f76da47e6f7b6a,Ahna Wagnon
0b60f2f35ef4adc8b7363dae0a313d46f4ed8db6,Jim Wright
0b60f2f38c7992a4ad233b4aca62a32d107d505b,Bruce Best
0b60f2f3512d21d462dbc927ff756cdc1fccf6fd,Ro Hume
0b60f2f35ced3f032789f10a7229a9e15fa258cb,Debbie Mirek
0b60f2f33de7e199a3906e000dba4f64c5fbd2f1,Denise Okuda
0b60f2f3bdd0a3909949003bd18f0f687c63bc66,James Lipton
0b60f2f33796250e5db0d312a79ba2a00e12be15,Jane Lamacraft
0b60f2f3d4382e30c03336dc15528cb50777cfed,Tony Way
0b60f2f314f9e43609227fb9a46061e4acfb2863,Steven Burge
0b60f2f3d80fdfa425b6f27462fa1d1e9285187d,Matthew Leys
0b60f2f327d6bcf4b1ace42c445a8afff29bb542,Martin Trenaman
0b60f2f37b7580c17203d943ce9ad4a3c991091b,Carl Carter
0b60f2f3851a648b0616b85f4020fa61e5ae3e6a,Tony Cooke
0b60f2f361eb31bb1649f1a1d38b4ffdaab4605c,Marc Blakewill
0b60f2f36a1cacce8ee6e3a5b5421f508b37cb85,James Harris
0b60f2f3576fc1695fe4f3566484f270e15677e9,Lisa Lumar
0b60f2f38aa71ed7207655e52c538ecee704443b,Festus Farley
0b60f2f3e7eac5df4c7f18fdd9171950c5c80430,Zi'en Cui
0b60f2f38851c11f10db35d0099fc8323f7cedc7,Sergey A.
0b60f2f3eb909cae21d8c8bc52a1dc92344ae5f8,Cindy Birch
0b60f2f384ddb8a3a34f5ef94c10b0ffe9422c40,Guy Miller
0b60f2f306026d5118420c9490fb96ac80886706,Turgut Turk Adiguzel
0b60f2f37e9604c9de5ff82bd2e3beca6a39fe24,Kenny Solms
0b60f2f36fb697546be528e39a3bbabfe426a5c2,Alan Barasch
0b60f2f3d5fddca47889cd7d30e629831b874148,Nancy Fisher
0b60f2f38e69d4b6e9675a4a288184b58492e704,Stephen Lyons
0b60f2f3315471640f8c964a903a35e95139d2d3,Norman Stahl
0b60f2f30d87c1de525a54fb19fa0efc0723ca21,Clara Kuperberg
0b60f2f38f2883a99a4099c7bfcb8387395c5d7c,Julia Kuperberg
0b60f2f36438dca974e868e4c95ccbb28d31ccb0,Ollie Wolf
0b60f2f36a6b26aeb9a9e2996cbc823e774fc872,M.J. Di Rocco
0b60f2f37e95d8ea21b11e1f3d86eb198ea8c7a0,John J. Flynn
0b60f2f310344e9e01bff2d4e6ea5072a83223b8,Hugh Munro Neely
0b60f2f34c893db3facb9c084c166672e83765b3,Stephen Pouliot
0b60f2f38cf871b465922948db6e2c03e7299a7b,Ken Welch
0b60f2f394aea49b045689f5e45b61c9d7f7e833,Bartosz Werner
0b60f2f31c5de69cf923e4bd77b6fc84a83777f5,Charles F. Royal
0b60f2f3d50761907971bef4c3b2688ceb891706,Graham Lee Mahin
0b60f2f3bd463bd16deecc0e4ec42f5fec80a955,Lulu Talmadge
0b60f2f3132d8563249396e5f044c5ee23291b03,Albert Zugsmith
0b60f2f362e26adebda0db8e93fdbbefbed36f15,Andrew Abbott
0b60f2f3f850da56c9025d1d5bde8951af2b12ea,Russell Leven
0b60f2f39784524ada2b054203717b32a42eb76d,Brodie Ransom
0b60f2f3ca108a79e0584d3098f1e3ec7bfb7376,Christopher Pico
0b60f2f37e89af48eba10beaea338e13926b45a5,Eliav Goldfryd
0b60f2f38f40ae928d01b8b38dca93864213bb67,Yaron Lictenstein
0b60f2f3752d56bb85d1c3914e80d2e26c54a7cc,Ziv Shemesh
0b60f2f36f4382629f8384c079d872d7de04b056,William Camacho III
0b60f2f366b0ed99cb8d7172c7b0f7842264d605,Joel Ceballos
0b60f2f3ea796ba079f27b1d012ff42790e56a7a,Reshan Fernando
0b60f2f35ee08d313b6baa29482544be2bed5960,Jay Posey
0b60f2f3afebe4283b363b47b71187761fb47596,Leo Tierney
0b60f2f32695bc466ab1680e2b134b525caea530,Robert La Force
0b60f2f3137d5ae61fba1ef970acae5f883419df,Vanja Kovacevic
0b60f2f337da4a39eb9608fa1e4975e6d37b85e9,Nick Corirossi
0b60f2f30448a93b62a78f190e8559245ab4802f,Charles Ingram
0b60f2f3467a5119c0ede73d3f0200525c50401e,David Anghel
0b60f2f362031a1aebb722000d1bb3c79c3560bb,Rens Benerink
0b60f2f38290e0515ea8aa6584fe7b73e95731a4,Debbie Allen
0b60f2f3a7f8671d33098276c6ed273e8bec48eb,Jean Bach
0b60f2f324016e97d61898f04738cbb494fc1a6f,Jérôme Savary
0b60f2f3ef0c2ea224f8c7421a7d2df8f5b1b866,Roland Topor
0b60f2f3dc3adae5e1cf9612a5d6fe0d2a1a8ead,Joseph Moncure March
0b60f2f3aeee2b38659d41d488369ebb9eaed3fe,Barry Shipman
0b60f2f34086fc268b65f542b2e2544769eec66c,William Colt MacDonald
0b60f2f342ca5fa67b59a1ca31c362adf9d26d6f,Harald Braun
0b60f2f3ef9a4338a5a49061555fecce38cc414d,Herbert Witt
0b60f2f3b14a7037745ff956f74253cdb5fff7e8,Les Brown Jr.
0b60f2f3154bf15bcba4c4b703d5fb84c6986d2a,Clint Morrill
0b60f2f3a5f0991ffc230e859df7cadb021f8d7a,Conor Lastowka
0b60f2f34e5b5622f3e790bd3716845619d64166,Michael J. Nelson
0b60f2f3f34682812f386fd588eea6384558528e,Sean Thomason
0b60f2f37391d8d99151e6b89344c839b1c5bf23,David Ferrell
0b60f2f3d6311d330da536f959a20944e52c62b7,Attushi Kano
0b60f2f38b54b73eff63860dac2129c1be4c6b17,Ned Ambler
0b60f2f31afba49a2490be26f7332799e91a0970,Tony Barbieri
0b60f2f334c4cc3d28cf93f8d88bbd45cecd02e9,Jonathan Bines
0b60f2f30133642d48cc543b7e464ccfa7d38a63,Will Burke
0b60f2f3059234064f85dcdcf0dd39ebbdbd0700,Gary Greenberg
0b60f2f3bf0a5637f4a113bda21c5da479872b41,Sal Iacono
0b60f2f3bdfccf37fdcd50af8d362a14d7fddc7e,Jimmy Kimmel
0b60f2f357ddd9a8882814269b87128a89c61e60,Jacob Lentz
0b60f2f34e61845f627bdfd1134647b11a07f0a1,Steve O'Donnell
0b60f2f32cd17427e93e958a7e3e56957118c6d3,Paul Raff
0b60f2f324b8cc36d2c39e335391b863d66afa0c,Rick Rosner
0b60f2f3622db54d9a5b8f415404f709f3ed2636,Ethan T. Berlin
0b60f2f31df0c57ec0f86c28f4eda6cd9cee48b0,Mischa Zickler
0b60f2f3925449b37c359e83d7b20f9fa20e7dbf,Nicolas Jacquet
0b60f2f3948b2783e03b4a937ebff0305c7cd181,Penna Filho
0b60f2f3695214741fafc1867a86d0c4e9adedba,Cláudio Schuster
